name,description,url,source,category,stem_fields,target_grade,cost,location_type,time_commitment,prerequisite_level,support_level,deadline,financial_barrier_level,financial_aid_available,family_income_consideration,hidden_costs_level,cost_category,diversity_focus,underrepresented_friendly,first_gen_support,cultural_competency,rural_accessible,transportation_required,internet_dependency,regional_availability,family_involvement_required,peer_network_building,mentor_access_level,source_file
Middle School Chemistry,"Chemistry education resource designed specifically for middle school students and teachers. Provides engaging content, activities, and experiments appropriate for middle school level. Builds foundation for high school chemistry. Interactive and hands-on approach to chemistry learning.",https://www.acs.org/education/students.html,American Chemical Society,Chemistry Program,"Chemistry, Chemical Engineering",6-8,Free,Online,Flexible,Basic,High,Check ACS website,,False,False,,Free,True,True,True,High,True,False,High-speed-required,National,Optional,True,Professional,acs_programs
Students & Educators,Promoting excellence in science education and outreach,https://www.acs.org/education/students.html,American Chemical Society,Outreach Program,"Chemistry, Chemical Engineering",K-12,Free,Hybrid,Flexible,Basic,High,Check ACS website,,False,False,,Free,True,True,False,High,True,False,Basic,National,Optional,True,Professional,acs_programs
inChemistry Magazine,The ACS student member magazine. The ACS clubs for undergraduate students in the U.S. and abroad. Get real-world experience through internships and summer research programs Hone your communication skills and network with professionals at ACS meetings.,https://www.acs.org/education/students.html,American Chemical Society,Research Program,"Chemistry, Chemical Engineering",K-12,Free,School-based,8-10 weeks,Basic,High,Check ACS website,,False,False,,Free,True,True,False,High,False,False,Basic,National,Optional,True,Professional,acs_programs
AI4ALL Alumni Network,Community of AI4ALL program alumni pursuing AI careers and education. Mentorship from college students and professionals. Career guidance and internship opportunities. Annual alumni events and reunions. Access to exclusive resources and scholarships. Network across all university program sites. Support for college applications and AI career paths. Lifelong community of diverse AI leaders.,https://ai-4-all.org/,AI4ALL,Alumni Network,"Artificial Intelligence, Career Development",12-Oct,Free,Online,Ongoing,Medium,High,Rolling,,False,True,,Free,True,True,True,High,True,False,Basic,International,Optional,True,Professional,ai4all_programs
AMC School Registration,Schools register to host AMC competitions for their students. Registration fee covers exam materials for unlimited students. Schools coordinate local administration. Teacher receives competition materials and answer sheets. Registration opens several months before competition dates.,https://www.maa.org/math-competitions,Mathematical Association of America,School Program,Mathematics,6-12,100,School-based,Coordination,,Medium,Annual-October,Low,False,False,Low,Paid,False,True,False,Medium,True,False,Basic,National,Optional,True,Adult,amc_competitions
AMS Undergraduate Scholarship,"Merit-based scholarships for college students majoring in atmospheric science, meteorology, or related fields. Multiple awards available annually. Recipients gain access to AMS conferences, networking opportunities, and professional development resources. Recognizes academic excellence and career commitment to atmospheric sciences.",https://www.ametsoc.org/index.cfm/ams/education-careers/scholarships-and-fellowships/,American Meteorological Society,Scholarship,"Meteorology, Atmospheric Science, Oceanography, Hydrology",College,Free,Online application,3-5 hours (application),Medium,Medium,February (typically early February),,"Scholarship award ($3,000-5,000)",,,Free,AMS diversity initiatives,True,True,High,True,False,Basic,National,,True,Professional,ams_student_programs
AMS Student Conference Travel Grants,"Travel grants for students to attend AMS Annual Meeting and present research. Supports undergraduate and graduate students presenting posters or papers. Grants cover registration, travel, and lodging expenses. Provides networking opportunities with meteorology professionals and exposure to cutting-edge atmospheric science research.",https://www.ametsoc.org/index.cfm/ams/education-careers/,American Meteorological Society,Meteorology Program,"Meteorology, Atmospheric Science, Climate Science",College,Free,Annual conference (varies by year),3-5 days (January conference),Medium,High,Fall (varies by conference),,Travel grant provided,,,Free,Student participation in professional meetings,True,True,High,True,True,Basic,National,,True,Professional,ams_student_programs
AMS Student Chapter Program,"Student-led chapters at universities providing meteorology community and professional development. Chapters organize weather discussions, guest speakers, field trips to National Weather Service offices, and career workshops. Free membership connects students with atmospheric science peers and professionals. Leadership development opportunities.",https://www.ametsoc.org/index.cfm/ams/education-careers/,American Meteorological Society,Meteorology Program,"Meteorology, Atmospheric Science, Weather Forecasting",College,Free,University campus,Ongoing (1-2 hours/week),Basic,Medium,Ongoing enrollment,,,,,Free,Inclusive student community,True,True,High,Limited,False,Basic,National,,True,Peer,ams_student_programs
AMS DataStreme Atmospheric Science Program,"Online professional development for educators teaching atmospheric science. While targeting teachers, enhances quality of meteorology education in classrooms. Provides current weather data, educational resources, and expert instruction. Improved teaching benefits high school students learning about weather and climate.",https://www.ametsoc.org/index.cfm/ams/education-careers/k-12-resources/,American Meteorological Society,Meteorology Program,"Meteorology, Atmospheric Science, Earth Science",9-12,Free,Online (teacher program benefiting students),School year (indirect benefit),,High,N/A (teacher program),,,,,Free,Quality science education for all students,True,True,High,True,False,High-speed-required,National,,False,Adult,ams_student_programs
AMS Graduate Fellowship in History of Science,"Fellowship supporting graduate students researching history of atmospheric sciences and meteorology. Awards fund dissertation research on development of meteorological science, technology, and institutions. Connects students with science historians and meteorology professionals. Interdisciplinary scholarship opportunity.",https://www.ametsoc.org/index.cfm/ams/education-careers/scholarships-and-fellowships/,American Meteorological Society,Scholarship,"History of Science, Meteorology, Science Studies",Graduate,Free,University research,Academic year (dissertation research),High,Medium,February (typically),,"Fellowship award ($15,000)",,,Free,Interdisciplinary scholarship,True,Limited,High,True,False,Basic,National,,True,Professional,ams_student_programs
AMS Student Membership Program,"Discounted professional membership for students ($35/year) providing access to journals, conference discounts, career resources, and networking. Members receive monthly publications, access to job board, and invitations to student events. Gateway to meteorology profession with resume-building credentials and professional development.",https://www.ametsoc.org/index.cfm/ams/education-careers/,American Meteorological Society,Meteorology Program,"Meteorology, Atmospheric Science, Career Development",College,Low-cost ($35/year),Online membership,Ongoing benefits,Basic,Medium,Ongoing enrollment,Low,Discounted student rate,,,Under-$100,Professional development for all students,True,True,High,True,False,Basic,National,,True,Professional,ams_student_programs
DNA Day Genetics Education Resources,"Free online educational resources for teaching and learning genetics. Lesson plans, videos, activities, and reading materials. Covers fundamental genetics, genomics, genetic testing, and bioethics. Aligned with biology standards. Available to students and teachers year-round. Includes DNA Day essay question archives.",https://www.ashg.org/discover-genetics/k-12-education/,American Society of Human Genetics,Educational Resources,"Genetics, Biology, Genomics",9-12,Free,Online,Self-paced,,Medium,Rolling,,False,False,,Free,True,True,True,High,True,False,High-speed-required,National,Optional,False,Adult,ashg_dna_day_programs
ASHG K-12 Genetics Education Resources Library,"Comprehensive online library of genetics teaching materials. Curated resources covering Mendelian genetics, molecular biology, genomics, and genetic medicine. Includes videos, simulations, readings, and assessments. Free access for educators and students. Updated regularly with new content.",https://www.ashg.org/discover-genetics/k-12-education/,American Society of Human Genetics,Educational Resources,"Genetics, Biology, Genomics",9-12,Free,Online,Self-paced,,Medium,Rolling,,False,False,,Free,True,True,True,High,True,False,High-speed-required,National,Optional,False,Adult,ashg_dna_day_programs
ASHRAE Student Member Program,"Free or discounted ASHRAE membership for undergraduate students. Access to technical publications, webinars, and conferences. Network with HVAC professionals and engineers. Attend chapter meetings and technical sessions. Career resources and job board access. Professional development opportunities. Great for students interested in building systems, energy, and sustainability.",https://www.ashrae.org/about/students,ASHRAE,Professional Membership,"Engineering, HVAC, Building Systems",College,Free,Hybrid,Ongoing,,Medium,Rolling,,True,False,,Free,True,True,True,Medium,True,False,Basic,National,,True,Professional,ashrae_student_programs
ASHRAE Student Design Competition,Annual design competition for ASHRAE student members. Teams design HVAC systems for real buildings. Apply engineering principles to sustainable building design. Cash prizes and recognition at ASHRAE conferences. Work with faculty advisors and industry mentors. Build portfolio for engineering careers. Categories for undergraduate and graduate students.,https://www.ashrae.org/communities/student-zone,ASHRAE,Design Competition,"Engineering, HVAC Design, Sustainable Buildings",College,Free,Online,Semester project,Medium,Medium,Annual-Spring,,True,False,,Free,True,True,True,Medium,True,False,Basic,National,,True,Professional,ashrae_student_programs
ASHRAE Undergraduate Engineering Scholarships,"Multiple scholarship opportunities for engineering students. Awards range from $3,000 to $10,000. Focus on HVAC&R, building automation, and energy systems. Regional and national scholarship programs. Some scholarships for underrepresented groups in engineering. Application requires transcripts, essays, and recommendations. Renewable for multiple years.",https://www.ashrae.org/communities/student-zone/scholarships,ASHRAE,Scholarship,"Engineering, HVAC, Energy Systems",College,Free,Online,Application,Medium,Medium,Annual-Spring,,True,False,,Free,True,True,True,Medium,True,False,Basic,National,,True,Professional,ashrae_student_programs
ASHRAE Mentor Match Program,"Mentorship program connecting students with ASHRAE professionals. One-on-one guidance from experienced engineers. Career advice and industry insights. Support for academic and professional development. Virtual or in-person mentorship options. Help with resume, interviews, and job search. Long-term relationships building throughout college career.",https://www.ashrae.org/communities/student-zone,ASHRAE,Mentorship Program,"Engineering, Career Development",College,Free,Hybrid,Ongoing,,Medium,Rolling,,True,False,,Free,True,True,True,Medium,True,False,Basic,National,,True,Professional,ashrae_student_programs
Botball Educator Workshops,"Professional development for teachers and coaches starting Botball programs. Hands-on training with Botball kit and curriculum. Learn robot construction, programming, and game strategy. Receive curriculum materials and implementation guides. Network with experienced Botball educators. Annual workshops at multiple locations. Some workshops provide discounted or free kits. Support for grant writing and fundraising.",https://www.botball.org/,KIPR Botball,Professional Development,"Robotics Education, STEM Teaching",6-12,200,Regional,2-3 days,,High,Seasonal,Low,True,False,Equipment,$100-500,True,True,True,High,True,True,Basic,National,Optional,True,Adult,botball_programs
Botball Alumni Network,Community of Botball alumni pursuing engineering and technology careers. Mentorship for current teams from college students and professionals. Many alumni at top engineering schools and tech companies. Career guidance and internship connections. Annual alumni events at GCER. Success stories to inspire current students. Network spans 25+ years of Botball history. Lifelong robotics community.,https://www.botball.org/,KIPR Botball,Alumni Network,"Robotics, Career Development",10-12,Free,Online,Ongoing,Medium,High,Rolling,,True,False,Equipment,Free,True,True,True,High,True,False,Basic,National,Optional,True,Professional,botball_programs
Drama Program,"Intensive theater arts program with CMU School of Drama. Explore acting, directing, playwriting, and technical theater. Work on productions and develop performance skills. Learn from professional theater faculty. Includes workshops, rehearsals, and performances.",https://www.cmu.edu/pre-college/,Carnegie Mellon Pre-College,Summer Program,"Theater Arts, Performance, Communication",10-12,8500,Residential,6 weeks,Medium,High,Check CMU website,High,True,Middle+,Travel,$2000+,False,True,False,Medium,False,True,High-speed-required,National,Required,True,Professional,cmu_precollege_programs
Writing & Culture Program,"Creative writing and cultural studies program. Explore fiction, poetry, creative nonfiction, and cultural criticism. Participate in writing workshops, readings, and literary discussions. Learn from CMU writing faculty. Includes trips to Pittsburgh cultural sites.",https://www.cmu.edu/pre-college/,Carnegie Mellon Pre-College,Summer Program,"Writing, Literature, Cultural Studies",10-12,7500,Residential,6 weeks,Medium,High,Check CMU website,High,True,Middle+,Travel,$2000+,True,True,True,Medium,False,True,High-speed-required,National,Required,True,Professional,cmu_precollege_programs
The Coding School School Partnerships,"Schools partner with The Coding School to bring quantum computing and AI education to their students. Curriculum, training, and support provided. Teachers receive professional development. Students access cutting-edge technology education. Scalable to reach entire schools or districts. Focus on equity and access.",https://the-cs.org/partnerships,The Coding School,School Partnership,"Quantum Computing, Artificial Intelligence, Computer Science",9-12,Free,Online,Academic year,,High,Rolling,,False,False,,Free,True,True,True,High,True,False,High-speed-required,National,,True,Professional,coding_school_programs
Congressional App Challenge Educator Support,Resources for teachers and advisors supporting student participants. Classroom integration guides and lesson plans. How to organize school app challenge programs. Mentorship resources and industry connections. Help students find coding mentors and resources. Information sessions for educators. Certificate of participation for advisors. Build coding programs at your school.,https://www.congressionalappchallenge.us/,Congressional App Challenge,Educator Resources,Computer Science Education,9-12,Free,Online,Flexible,,Medium,Rolling,,False,False,,Free,True,True,True,High,True,False,High-speed-required,National,,True,Optional,congress_app_challenge
CyberPatriot Elementary School Cyber Education Initiative,"Cybersecurity awareness program for elementary students grades 4-5. Age-appropriate curriculum teaching digital citizenship, online safety, and basic cybersecurity concepts. Free classroom resources and activities. Introduces students to cyber careers. No competition component - purely educational. Teacher training materials provided.",https://www.uscyberpatriot.org/,CyberPatriot,Educational Program,"Cybersecurity, Digital Literacy",4-5,Free,School-based,Flexible,,High,Rolling,,False,False,Low,Free,False,True,False,Medium,True,False,Basic,National,Optional,True,Adult,cyberpatriot_programs
Destination Imagination Team Manager Training,"Training for adult team managers (parents, teachers, community members) who guide DI teams. Workshops cover DI philosophy, challenge facilitation, and team mentorship without interference. Teaches how to support student-led problem-solving. Essential for starting new teams. Benefits students through better-prepared mentors.",https://www.destinationimagination.org/get-started/,Destination Imagination,STEAM Competition,"STEAM Education, Mentorship",Adult (benefits K-12 students),Low-cost to Free,Online and regional workshops,2-4 hours (training sessions),,High,Ongoing throughout year,,,,,Free,DI inclusion and creativity initiatives,True,True,High,True,False,Basic,National,Adult participation,True,Peer,destination_imagination_programs
eCYBERMISSION Team Advisor Resources,"Comprehensive resources for teachers and team advisors. Lesson plans, project guides, and judging rubrics. Training webinars and advisor community forums. Help with team formation and project development. Competition timeline and submission requirements. Support throughout competition season. Connects advisors with Army STEM mentors. Essential for first-time advisors.",https://www.ecybermission.com/resources,Army Educational Outreach Program,Educator Resources,"STEM Education, Project Management",6-9,Free,Online,Flexible,,High,Rolling,,False,False,,Free,True,True,True,High,True,False,High-speed-required,National,Optional,True,Professional,ecybermission_programs
Envirothon Advisor Training,Professional development for teachers and team advisors. Workshops on environmental science topics and competition format. Field training sessions led by natural resource professionals. Curriculum integration strategies. Networking with other advisors. Access to advisor-only resources. Annual advisor meetings at state competitions. Support for new and experienced advisors.,https://envirothon.org/advisors/,Envirothon,Professional Development,"Environmental Science, Education",9-12,Free,Hybrid,Flexible,,High,Rolling,,False,False,Low,Free,True,True,True,High,True,False,Basic,National,Optional,True,Adult,envirothon_programs
ExploraVision Educational Resources and Teacher Guides,"Free educational materials supporting ExploraVision participation. Includes project planning guides, research tips, sample projects, rubrics, and classroom integration resources. Materials help teachers facilitate student teams and integrate technology forecasting into curriculum. Available online for all educators.",https://www.exploravision.org/,Toshiba/NSTA ExploraVision,Science Competition,"Technology Education, Innovation, Research Skills",K-12,Free,Online resources,Self-paced (teacher preparation),,Medium,Available year-round,,,,,Free,NSTA equity and inclusion initiatives,True,True,High,True,False,Basic,National,,False,,exploravision_programs
ExploraVision Coach Training and Workshops,"Professional development for teachers and coaches guiding ExploraVision teams. Webinars and online resources explain competition format, judging criteria, project components, and coaching strategies. Training helps educators facilitate student-led research and innovation projects. Supports successful team participation.",https://www.exploravision.org/,Toshiba/NSTA ExploraVision,Science Competition,"Technology Education, STEM Teaching",Educator (benefits K-12 students),Free,Online webinars,1-2 hours (workshop sessions),,High,Ongoing throughout registration period,,,,,Free,NSTA equity and inclusion initiatives,True,True,High,True,False,High-speed-required,National,,True,Peer,exploravision_programs
Future City - Educator Curriculum and Resources,"Comprehensive curriculum materials and resources for teachers facilitating Future City teams. Includes lesson plans, engineering design activities, project management guides, rubrics, and timeline templates. Free downloadable resources align with NGSS standards and support student learning in engineering, sustainability, and urban planning. Professional development webinars help educators guide teams effectively.",https://futurecity.org/resources,DiscoverE Future City,Engineering Competition,"Engineering Education, Urban Planning, Sustainability",6-8,Free,Online resources,Self-paced (educator preparation),,High,Available year-round,,,,,Free,DiscoverE diversity and inclusion initiatives,True,True,High,True,False,Basic,National,,False,,future_city_competition
Google Code-in (Educational Archive),"Archive of Google's student competition for pre-university students (ages 13-17) focused on open source software development. While no longer active, the educational materials and project ideas remain valuable for learning open source contribution, coding, documentation, and design.",https://codein.withgoogle.com/archive/,Google Coding Competitions,Coding Competition,"Computer Science, Software Development, Open Source",9-12,Free,Online,Self-paced (archived materials),Medium,Low,Self-paced (archived program),,,,,Free,Youth engagement in tech,True,Limited,High,True,False,High-speed-required,International,Parental consent required (under 18),True,Medium,google_code_jam
Google Educator Training: CS,"Professional development for teachers to integrate computer science into their classrooms. Free online courses covering CS pedagogy, curriculum implementation, and classroom management. Earn badges and certification. Access to educator community and resources. Self-paced learning for K-12 teachers.",https://edu.google.com/teacher-center/,Google CS Education,Teacher Training,Computer Science,K-12,Free,Online,Self-paced,,High,Rolling,,False,False,,Free,True,True,True,High,True,False,High-speed-required,International,Optional,True,,google_cs_edu_programs
Google Tech Exchange,"Computer science enrichment program for university students from historically underrepresented groups. While primarily for college students, offers mentorship and career pathway information valuable for high school planning. Connect with Google engineers and learn about tech careers.",https://buildyourfuture.withgoogle.com/programs/tech-exchange,Google CS Education,Computer Science Program,Computer Science,11-12,Free,Hybrid,Varies,Medium,High,Rolling,,False,False,,Free,True,True,True,High,True,False,High-speed-required,International,Optional,True,Professional,google_cs_edu_programs
Google Computer Science Education Resources,"Comprehensive library of free CS teaching materials, lesson plans, and activities for K-12 educators. Curriculum maps aligned to standards. Video tutorials, assessment tools, and differentiation strategies. Supports various CS frameworks including AP CS Principles and AP CS A.",https://edu.google.com/computer-science/,Google CS Education,Computer Science Program,Computer Science,K-12,Free,Hybrid,Flexible,,High,Rolling,,False,False,,Free,True,True,True,High,True,False,High-speed-required,International,Optional,True,Adult,google_cs_edu_programs
Google Summer of Code - Standard Track,"Premier open source program connecting student developers with open source organizations. Contributors work on 12-week coding projects with mentorship from experienced developers. Students write code, fix bugs, create documentation, and contribute to real-world open source software. Receive stipend upon successful completion. Gain professional software development experience.",https://summerofcode.withgoogle.com/,Google Summer of Code,Open Source Program,"Computer Science, Software Development, Open Source",12 (must be 18+ or college student),Free,Online/Remote,"12 weeks (summer, ~175 hours)",High,High,March-April (application period),,Stipend provided ($1500-$3000 depending on project size),,,Free,Google diversity and inclusion initiatives,True,True,High,True,False,High-speed-required,International,,True,Professional,google_summer_code_programs
Google Summer of Code - Extended Track,"Extended timeline option for Google Summer of Code allowing contributors to work on larger, more complex projects over 22 weeks. Provides additional time for ambitious open source contributions requiring deeper engagement. Same mentorship structure and support as standard track. Higher stipend reflects extended commitment. Ideal for comprehensive feature development.",https://summerofcode.withgoogle.com/,Google Summer of Code,Open Source Program,"Computer Science, Software Development, Open Source",12 (must be 18+ or college student),Free,Online/Remote,"22 weeks (summer, ~350 hours)",High,High,March-April (application period),,Stipend provided ($3000-$6000 depending on project size),,,Free,Google diversity and inclusion initiatives,True,True,High,True,False,High-speed-required,International,,True,Professional,google_summer_code_programs
Google Summer of Code - Open Source Mentorship,"High-quality mentorship component where contributors work one-on-one with experienced open source developers. Mentors provide technical guidance, code review, career advice, and professional development. Regular meetings, feedback sessions, and communication through project channels. Learn industry best practices, version control, testing, and documentation. Builds professional network in open source community.",https://summerofcode.withgoogle.com/how-it-works,Google Summer of Code,Open Source Program,"Computer Science, Software Development, Professional Development",12 (must be 18+ or college student),Free,Online/Remote,12-22 weeks (integrated with project),High,High,March-April (application period),,Included in stipend,,,Free,Google diversity and inclusion initiatives,True,True,High,True,False,High-speed-required,International,,True,Professional,google_summer_code_programs
Google Summer of Code - Diverse Project Opportunities,"Wide variety of participating open source organizations across multiple domains. Projects span web development, mobile apps, data science, machine learning, cloud computing, security, accessibility, and more. Organizations include major projects like Python, Git, Apache, Mozilla, and hundreds of others. Contributors choose projects matching their interests and skills. Exposure to different technologies and communities.",https://summerofcode.withgoogle.com/programs,Google Summer of Code,Open Source Program,"Computer Science, Software Development, Web Development, Data Science, AI/ML",12 (must be 18+ or college student),Free,Online/Remote,12-22 weeks (project dependent),High,High,March-April (application period),,Stipend provided,,,Free,Multiple organizations with diversity initiatives,True,True,High,True,False,High-speed-required,International,,True,Professional,google_summer_code_programs
Google Summer of Code - Open Source Community Engagement,"Integration into global open source community through GSoC participation. Contributors join mailing lists, chat channels, forums, and development teams. Attend virtual meetings, participate in code reviews, and collaborate with international developers. Build lasting connections with open source maintainers and fellow contributors. Access to GSoC alumni network. Foundation for continued open source involvement.",https://summerofcode.withgoogle.com/,Google Summer of Code,Open Source Program,"Computer Science, Software Development, Community Building",12 (must be 18+ or college student),Free,Online/Remote,12-22 weeks plus ongoing community involvement,High,High,March-April (application period),,Stipend provided,,,Free,Google diversity and inclusion initiatives,True,True,High,True,False,High-speed-required,International,,True,Professional,google_summer_code_programs
Google Summer of Code - Contributor Application Support,"Resources and support for preparing competitive GSoC applications. Organizations publish project ideas lists, contribution guides, and communication channels. Prospective contributors explore projects, make preliminary contributions, and engage with communities before applying. Application workshops, tips from past participants, and organization-specific guidance. No cost to explore and prepare applications.",https://summerofcode.withgoogle.com/how-it-works,Google Summer of Code,Open Source Program,"Computer Science, Software Development, Technical Writing",12 (must be 18+ or college student),Free,Online/Remote,Flexible preparation (weeks to months before application),Medium,Medium,January-March (pre-application period),,,,,Free,Google diversity and inclusion initiatives,True,True,High,True,False,High-speed-required,International,,True,Peer,google_summer_code_programs
Explore available learning,Use this course catalog to explore all of the free learning you'll be able to access when you join IBM SkillsBuild for Students and Educators. Interested in exploring technology topics? Looking to sharpen your workplace skills? We cover it all! Click around to see for yourself.,https://skillsbuild.org/students/course-catalog,IBM SkillsBuild,Career Readiness,Artificial Intelligence,9-12,Free,Online,2-5 hours,,Medium,,,False,False,,Free,True,True,True,High,True,False,High-speed-required,National,,False,,ibm_skillsbuild_programs
JASON Teacher Training and Professional Development,"Professional development for educators implementing JASON curriculum. While targeting teachers, enhances quality of STEM instruction benefiting students. Training covers inquiry-based learning, digital platform use, and integration strategies. Improved teaching leads to better student engagement and learning outcomes in science and engineering.",https://www.jason.org/programs/,JASON Learning,STEM Program,"STEM Education, Inquiry-based Learning",Teacher (benefits K-12 students),Included with school subscription,Online workshops,Ongoing professional development,,High,None (ongoing offerings),,,,,Free,Equitable STEM education practices,True,True,High,True,False,High-speed-required,National,,False,Professional,jason_learning_programs
Lockheed Martin STEM Teacher Professional Development,"Professional development program for educators teaching STEM subjects. Teachers learn about aerospace engineering, defense technology, and industry careers. Includes curriculum materials, hands-on activities, and ongoing support from Lockheed Martin education team.",https://www.lockheedmartin.com/en-us/who-we-are/communities/stem-education.html,Lockheed Martin,Professional Development,"Engineering, Technology, Mathematics, Science",Educators,Free,Hybrid,2-3 days,,Medium,Check Lockheed Martin website,,False,False,,Free,True,True,False,High,True,False,Basic,National,,True,Professional,lockheed_martin_programs
STEM Education,"Advancing science, technology, engineering and mathematics (STEM) education is a critical focus for Lockheed Martin. We know firsthand the importance of educating our young people in these areas. Our future success and our nation’s technological advantage depend on a constant supply of highly trained, highly capable technical talent. We believe strongly that advancing STEM education requires collaboration among industry, educators, policymakers and families. As an industry leader in defense tech",https://www.lockheedmartin.com/en-us/who-we-are/communities/stem-education.html,Lockheed Martin,Engineering Challenge,"Engineering, Defense Technology, Aerospace, Cybersecurity",9-12,Free,Virtual,Varies,Medium,Medium,Check Lockheed Martin website,,False,False,,Free,True,True,True,High,True,False,Basic,National,,True,Professional,lockheed_martin_programs
M3 Challenge Advisor Network,"Community of math teachers and team advisors supporting M3 Challenge teams. Share strategies, resources, and experiences. Help with team preparation and logistics. Access to exclusive advisor materials. Discussion forums and networking. Training on mathematical modeling pedagogy. Connect with experienced advisors. Support for first-time participants.",https://m3challenge.siam.org/,MathWorks/SIAM,Educator Network,"Mathematics Education, Mentorship",9-12,Free,Online,Flexible,,Medium,Rolling,,False,False,,Free,True,True,True,Medium,True,False,Basic,Select-States,,True,Adult,mathworks_m3_programs
TEALS Teacher Professional Development,Professional development program for teachers building computer science teaching capacity. Industry volunteers co-teach to transfer CS knowledge to teachers. Goal is sustainable CS programs after TEALS support ends. Multi-year partnership model. Teachers gain confidence and skills to teach CS independently.,https://www.microsoft.com/en-us/teals,Microsoft TEALS,Teacher Training,Computer Science,9-12,Free,School-based,2-3 years,,High,Check TEALS website,,False,False,,Free,True,True,True,High,True,False,Basic,National,Optional,True,Professional,microsoft_teals_programs
TEALS Computer Science Equity Initiative,"Initiative focused on bringing computer science education to underserved schools and communities. Prioritizes schools with limited CS access, high percentages of underrepresented students, and rural areas. Addresses CS opportunity gap. Provides full support including curriculum, volunteers, and teacher training.",https://www.microsoft.com/en-us/teals,Microsoft TEALS,School Program,Computer Science,9-12,Free,School-based,Academic year,,High,Check TEALS website,,False,False,,Free,True,True,True,High,True,False,Basic,National,Optional,True,Professional,microsoft_teals_programs
NCWIT Aspirations Educator Award,"Recognition for K-12 educators who encourage young women in computing. Teachers, counselors, and mentors nominated by Aspirations applicants. Awards honor educators who inspire and support female students in technology. Recipients recognized at award ceremonies alongside student winners. Creates supportive ecosystem for women in computing.",https://aspirations.org/recognitions-awards,NCWIT Aspirations in Computing,Computing Award,"Computer Science Education, Mentorship",Educator/Adult,Free,Online nomination,Nomination by students (automatic),K-12 educator,Low,Student application deadline,,Recognition and prizes,,,Free,Supporting women in computing,True,High,High,True,False,Basic,National,,True,Peer,ncwit_aspirations_programs
NCWIT Aspirations Virtual Awards and Networking Events,"National and regional virtual award ceremonies celebrating winners. Features keynote speakers from tech industry, networking opportunities with computing professionals, workshops on college applications and careers, and peer connections. Accessible to all award recipients regardless of location. Family and educators invited to participate.",https://aspirations.org/,NCWIT Aspirations in Computing,Computing Award,"Computer Science, Career Development, Networking",9-12,Free,Virtual event,2-4 hours (ceremony and workshops),Award recipient status,High,Spring (March-April),,,,,Free,Women in computing celebration,True,High,High,True,False,High-speed-required,National,Optional,True,Professional,ncwit_aspirations_programs
NOSB Coach Training and Support Resources,"Professional development and support for teachers and coaches leading NOSB teams. Includes webinars, coaching guides, question banks, competition strategies, and access to ocean science experts. Resources help coaches prepare students effectively regardless of their own ocean science background. Online community for coach networking.",https://nosb.org/,National Ocean Sciences Bowl,Ocean Science Competition,"Oceanography, Marine Biology, Science Education",9-12,Free,Online,Ongoing throughout season (optional),Low,Medium,Available year-round,,,,,Free,Support for all educators,True,Medium,High,True,False,High-speed-required,National,,True,Professional,nosb_programs
Physics Bowl Preparation Programs,School-based preparation programs for Physics Bowl competition. After-school study sessions and practice exams. Review of physics concepts and problem-solving strategies. Teacher-led instruction and peer collaboration. Many schools offer dedicated physics competition teams and clubs.,https://www.aapt.org/programs/physicsbowl/,American Association of Physics Teachers,Study Program,Physics,9-12,Free,School-based,2-4 hours per week,Medium,Medium,Rolling,,False,False,Low,Free,False,True,False,Medium,True,False,,National,Optional,True,Adult,physics_competitions
picoCTF for Classrooms (Educator Resources),"Free platform for teachers to integrate picoCTF into curriculum. Educators can create custom competitions, assign specific challenges, track student progress, and access teaching materials. Includes lesson plans, learning objectives, and assessment tools. Supports formal cybersecurity education in middle and high schools. Teacher accounts with classroom management features.",https://picoctf.org/,CMU picoCTF,Cybersecurity Competition,"Cybersecurity Education, Computer Science Education",6-12,Free,Online,Flexible (teacher-directed),,High,Year-round availability,,,,,Free,Equitable cybersecurity education access,True,True,High,True,False,High-speed-required,International,,True,Adult,picoctf_programs
Scratch for Educators,"Complete educator resources for teaching with Scratch. Curriculum guides, lesson plans, and classroom activities. Step-by-step tutorials for teachers new to coding. Classroom management tools and student accounts. Assessment rubrics and learning standards alignment. Professional development resources. Active educator community for sharing ideas and support. Free workshop materials.",https://scratch.mit.edu/educators,MIT Scratch,Educator Resources,"Computer Science, Education",K-12,Free,Online,Self-paced,,High,Rolling,,False,False,,Free,True,True,True,High,True,False,Basic,International,Optional,True,Peer,scratch_programming
Scratch Creative Computing Curriculum,"Complete free curriculum guide from Harvard Graduate School of Education. Seven units covering programming fundamentals through creative projects. Designed for classrooms, after-school programs, or self-study. Includes lesson plans, assessments, and facilitation tips. Emphasizes computational thinking and creativity. Used by educators worldwide. Available in multiple languages. Aligned with CS standards.",https://scratched.gse.harvard.edu/guide/,MIT Scratch,Curriculum Guide,"Computer Science, Computational Thinking",5-9,Free,Online,Semester course,,High,Rolling,,False,False,,Free,True,True,True,High,True,False,Basic,International,Optional,True,Peer,scratch_programming
Scratch Teacher Accounts,Free teacher accounts for classroom management. Create and manage student accounts. Monitor student projects and progress. Provide feedback on student work. Organize class studios for collaboration. Schedule and manage assignments. Privacy controls for student safety. Simplified registration for students. Essential tool for classroom use.,https://scratch.mit.edu/educators/register,MIT Scratch,Classroom Management,Computer Science Education,K-12,Free,Online,Academic year,,High,Rolling,,False,False,,Free,True,True,True,High,True,False,Basic,International,Optional,True,Peer,scratch_programming
SeaPerch Teacher Professional Development,Free training workshops for educators teaching SeaPerch. Learn to build ROVs and implement curriculum. Receive teaching materials and support resources. Hands-on training in robotics and marine science. Network with experienced SeaPerch teachers. Earn professional development credits. Held at universities and naval facilities nationwide. Some workshops provide free starter kits to teachers.,https://www.seaperch.org/,SeaPerch/Office of Naval Research,Professional Development,"Engineering Education, Robotics",6-12,Free,Regional,1-3 days,,High,Seasonal,,True,False,Equipment,Free,True,True,True,High,True,True,Basic,National,Optional,True,Adult,seaperch_programs
SeaPerch Elementary Curriculum,"Age-appropriate underwater robotics program for elementary students (grades 3-5). Simplified ROV design with teacher assistance. Focus on basic engineering concepts and teamwork. Introduction to buoyancy, circuits, and problem-solving. Preparation for middle school SeaPerch. No competitions required - can participate in exhibitions. Lower cost simplified kits available. Great for after-school programs.",https://www.seaperch.org/,SeaPerch/Office of Naval Research,Elementary Program,"Engineering, Marine Science",3-5,250,School-based,6-8 weeks,,High,Rolling,Medium,True,False,Equipment,$100-500,True,True,True,High,True,False,Basic,National,Optional,True,Adult,seaperch_programs
Math for America (MfA) Fellowship Program,"Multi-year fellowship program supporting exceptional mathematics and science teachers in public schools. While primarily for teachers, MfA partners with schools that create strong STEM learning environments. Participating schools offer high-quality math and science instruction, professional development, and teacher collaboration. Indirect benefit to students through improved teaching.",https://www.simonsfoundation.org/,Simons Foundation,Math/Science Program,"Mathematics, Science Education",9-12,Free,School-based (select cities),School year (indirect benefit),,High,N/A (teacher program with student benefit),,,,,Free,"Urban public schools, diverse communities",True,True,High,False,False,Basic,"Regional (NYC, LA, Boston, DC, Bay Area)",,True,Adult,simons_foundation_programs
Simons Society of Fellows Junior Fellows Program,"Prestigious postdoctoral fellowship for exceptional early-career researchers in theoretical sciences. While aimed at PhD graduates, creates research ecosystem where advanced undergraduates may participate in seminars, colloquia, and research discussions. Fellows conduct independent research at partner universities. Promotes cross-disciplinary collaboration and theoretical science.",https://www.simonsfoundation.org/,Simons Foundation,Research Program,"Mathematics, Physics, Computer Science, Quantitative Biology",College,Free,Research universities,Ongoing seminars and lectures,High,High,N/A (postdoc program with potential undergraduate access),,,,,Free,Scientific excellence and innovation,True,Limited,High,False,True,Basic,National,,True,Professional,simons_foundation_programs
Simons Collaboration Public Lectures and Workshops,"Large-scale research collaborations in mathematics and theoretical physics that host public lectures, workshops, and educational events. High school and college students can attend public seminars, summer schools, and workshops on cutting-edge topics in mathematics, physics, and computer science. Free educational opportunities to learn from leading researchers.",https://www.simonsfoundation.org/mathematics-physical-sciences/,Simons Foundation,Math/Science Program,"Mathematics, Physics, Computer Science","11-12, College",Free,Universities and online,Individual events (1-7 days),Medium,Low,Event registration deadlines,,Events are free,,Low,Free,Open access to scientific knowledge,True,Limited,High,True,Varies,High-speed-required,National,,True,Professional,simons_foundation_programs
Simons Foundation Science Education Resources,"Online educational content including articles, videos, and interactive materials about mathematics, physics, life sciences, and computational science. Free access to high-quality science communication targeting students and educators. Resources explain cutting-edge research in accessible ways. Includes Quanta Magazine articles, research highlights, and educational animations.",https://www.simonsfoundation.org/,Simons Foundation,Math/Science Program,"Mathematics, Physics, Biology, Computer Science","9-12, College",Free,Online,Self-paced learning,Basic,Low,Available year-round,,,,,Free,Free access to scientific knowledge,True,True,High,True,False,High-speed-required,International,,False,,simons_foundation_programs
Simons Foundation Mathematics Programs at Partner Institutions,"Foundation funds mathematics departments and research centers that offer undergraduate research opportunities, summer programs, and mentorship. Partner institutions include major research universities conducting foundational mathematics research. Students benefit through enhanced curriculum, research seminars, and potential research positions. Strengthens mathematical sciences education.",https://www.simonsfoundation.org/mathematics-physical-sciences/,Simons Foundation,Math/Science Program,"Pure Mathematics, Applied Mathematics, Mathematical Physics",College,Free,Research universities,Academic year and summer,High,High,Varies by institution,,Varies by institution,,,Free,Mathematical sciences diversity,True,Medium,High,Limited,True,Basic,National,,True,Professional,simons_foundation_programs
Stanford Summer Humanities Institute,"Three-week residential program for grades 10-11 exploring humanities questions through seminars, workshops, and collaborative projects. Small seminar-style classes with Stanford faculty. Includes writing workshops, research projects, and cultural activities. Develops critical thinking and analytical writing skills.",https://spcs.stanford.edu/programs,Stanford Pre-Collegiate Programs,Summer Program,"Humanities, Social Science",10-11,9000,Residential,3 weeks,Medium,High,Check Stanford website,High,True,Middle+,Travel,$2000+,False,True,False,Medium,False,True,Basic,National,Required,True,Professional,stanford_precollege_programs
Stanford Pre-Collegiate Creative Writing,"Writing workshop focusing on fiction, poetry, and creative nonfiction. Small seminar format with peer review and one-on-one feedback. Study craft elements, develop writing voice, and complete portfolio projects. Led by published writers and Stanford writing instructors. Includes readings and literary events.",https://summerinstitutes.spcs.stanford.edu/,Stanford Pre-Collegiate Programs,Summer Program,"Writing, Literature, Arts",9-12,7500,Residential,3 weeks,Basic,High,Check Stanford website,High,True,Middle+,Travel,$2000+,False,True,False,Medium,False,True,Basic,National,Required,True,Professional,stanford_precollege_programs
Stanford Pre-Collegiate Psychology,"Introduction to psychological science including cognitive psychology, social psychology, and neuroscience. Conduct psychology experiments, analyze data, and explore research methods. Learn from Stanford psychology faculty. Topics include memory, decision-making, mental health, and human behavior.",https://summerinstitutes.spcs.stanford.edu/,Stanford Pre-Collegiate Programs,Summer Program,"Psychology, Neuroscience, Social Science",10-12,8000,Residential,3 weeks,Basic,High,Check Stanford website,High,True,Middle+,Travel,$2000+,False,True,False,Medium,False,True,Basic,National,Required,True,Professional,stanford_precollege_programs
Stanford Pre-Collegiate International Relations,"Exploration of global politics, international law, diplomacy, and world affairs. Model UN simulations, policy debates, and case studies. Meet Stanford faculty from international relations and political science. Develop analytical and public speaking skills. Includes current events analysis.",https://summerinstitutes.spcs.stanford.edu/,Stanford Pre-Collegiate Programs,Summer Program,"Political Science, International Relations, Social Science",10-12,7500,Residential,3 weeks,Basic,High,Check Stanford website,High,True,Middle+,Travel,$2000+,False,True,False,Medium,False,True,Basic,National,Required,True,Professional,stanford_precollege_programs
Academic Enrichment Programs,Academic Enrichment ProgramsOur programs provide pre-collegiate students from the U.S. and around the world the chance to explore their passions and dive deep into a single topic beyond what is typically taught in a school curriculum.By GradeShowHideGrade 1–5Grade 6Grade 7Grade 8Grade 9Grade 10Grade 11Grade 12By subjectShowHideArts and MusicBusinessHumanitiesSocial ScienceMathematicsScienceBy time of yearShowHideFallSummerAcademic YearProgram formatShowHideResidentialCommuter/Non-ResidentialOnli,https://spcs.stanford.edu/programs,Stanford Pre-Collegiate Programs,Summer Program,"Computer Science, Mathematics, Physics",9-12,8000,Online,3 weeks,High,High,Check Stanford website,High,True,Middle+,Travel,$2000+,False,True,False,Medium,True,False,High-speed-required,National,Required,True,Professional,stanford_precollege_programs
Let SWE Help Fund Your College Education,"For 65 years, SWE scholarships have empowered students pursuing undergraduate and graduate degrees in engineering, engineering technology, and related fields. Open to students entering their first year of undergraduate study (including current high school seniors) CLOSED for the 2025-2026 Academic Year Open to undergraduates entering their sophomore, junior, or senior year and new or continuing graduate students",https://swe.org/scholarships/,Society of Women Engineers,Scholarship,"Engineering, Technology",9-12,Scholarship,Hybrid,Flexible,High,High,Check SWE website,,False,False,,Free,True,True,False,High,True,False,Basic,National,Optional,True,Professional,swe_k12_programs
Broadcom MASTERS - STEM Mentorship Network,"Access to STEM professionals and scientists for finalists and alumni. Ongoing mentorship, career guidance, and networking opportunities. Connect with industry leaders.",https://www.societyforscience.org/broadcom-masters/,Broadcom MASTERS,Program,"STEM Careers, Mentorship, Networking",6-8,Free,Hybrid,Ongoing,High,High,Finalist status,,Not applicable,Not required,,Free,True,True,True,High,True,Variable,Required,National,Low,True,Professional,broadcom_masters
CodeCombat Classroom Edition,"Teacher-facilitated coding curriculum with classroom management tools. Includes progress tracking, lesson plans, and assessment features for educators teaching programming.",https://codecombat.com/teachers,CodeCombat,Learning Platform,"Computer Science, Programming",6-12,Freemium,Online,Academic year,,Medium,Rolling,Low,True,Not required,Premium-Features,Free-Tier-Available,False,True,True,Medium,True,False,Required,International,,True,Teacher,codecombat
Code Ninjas BUILD Program - App Development,Advanced program for teens learning mobile app development. Build iOS and Android apps. Professional development skills and portfolio creation.,https://www.codeninjas.com/programs,Code Ninjas,Afterschool Program,"Computer Science, App Development, Programming",7-8,Paid,In-person,6-12 months,High,High,Rolling,High,Limited,Optional,Materials,$500-$1000,False,True,True,Medium,False,True,Required,Regional,Low,True,Teacher,code_ninjas
Code Ninjas School Partnerships,In-school coding programs and after-school clubs. Bring Code Ninjas curriculum to schools. Teacher training and student coding education.,https://www.codeninjas.com/,Code Ninjas,Afterschool Program,"Computer Science, Programming, Game Design",K-8,Paid,In-person,Academic year,,High,School year,Medium,True,Optional,Materials,$100-$500,False,True,True,Medium,False,False,,Regional,Low,True,Teacher,code_ninjas
CyberStart America - Teacher Support Program,"Resources for educators to integrate cybersecurity into curriculum. Professional development, lesson plans, and classroom management tools. Free teacher training.",https://www.cyberstartamerica.org/,CyberStart America,Professional Development,"Cybersecurity, Education, Teaching",9-12,Free,Online,Variable,,High,Rolling,,Not applicable,Not required,,Free,True,True,True,High,True,False,Required,National,,True,Professional,cyberstart_america
Engineering Tomorrow's Teachers,"Professional development program preparing K-12 teachers to integrate engineering concepts into their curriculum. Includes training, resources, and ongoing support.",https://www.discovere.org/our-programs/engineering-tomorrows-teachers,DiscoverE,Professional Development,"Engineering, Education",K-12,Free,Hybrid,Variable (workshops + ongoing),,High,Rolling,,Not applicable,Not required,,Free,False,True,True,Medium,True,Variable,Required,National,,True,Professional,discovere_programs
DiscoverE Engineering Resources,"Free online engineering activities, lesson plans, and resources for K-12 educators. Includes hands-on projects, career information, and classroom activities.",https://www.discovere.org/our-programs,DiscoverE,Learning Platform,"Engineering, All STEM",K-12,Free,Online,Self-paced,,Medium,,,Not applicable,Not required,,Free,False,True,True,Medium,True,False,Required,International,Optional,False,,discovere_programs
Engineering Challenges for Classrooms,"Structured engineering design challenges for K-12 classrooms. Teacher guides, student worksheets, and materials lists for hands-on engineering projects.",https://www.discovere.org/our-programs,DiscoverE,Learning Platform,"Engineering, Design, Problem Solving",K-12,Free,Hybrid,Variable (1-4 weeks),,Medium,,Low,Not applicable,Not required,Materials,Free,False,True,True,Medium,True,False,Helpful,International,Optional,True,Teacher,discovere_programs
Dream Big Educator Resources,"Curriculum and activities based on Dream Big engineering film. Lesson plans, activities, and resources for teaching engineering concepts.",https://www.discovere.org/our-programs,DiscoverE,Learning Platform,"Engineering, Design Thinking",K-12,Free,Hybrid,Variable,,Medium,,,Not applicable,Not required,,Free,False,True,True,Medium,True,False,Helpful,International,Optional,False,,discovere_programs
Future City Teacher Workshop,"Professional development workshop for teachers leading Future City teams. Training on competition requirements, engineering mentorship, and classroom integration.",https://www.discovere.org/our-programs/future-city,DiscoverE,Professional Development,"Engineering, Education, Mentorship",6-8,Free,Hybrid,1-2 days,,High,September,,Not applicable,Not required,,Free,False,True,True,Medium,True,Variable,Helpful,National,,True,Professional,discovere_programs
Engineering For Kids - After-School Enrichment Program,"Weekly after-school engineering classes for elementary students. Hands-on projects in robotics, structures, aerospace, and more. Small class sizes with certified instructors.",https://www.engineeringforkids.com/programs/,Engineering For Kids,Afterschool Program,"Engineering, Robotics, Science",K-5,Paid,In-person,8-12 weeks (1 hour/week),,High,Session start dates,Medium,Limited,Optional,Materials,$100-$500,False,True,True,Medium,False,True,,Regional,High,True,Teacher,engineering_for_kids
Engineering For Kids - Birthday Party Program,"Engineering-themed birthday parties with hands-on projects. Choose from robotics, rocketry, structures, or other themes. Instructor-led activities for groups.",https://www.engineeringforkids.com/,Engineering For Kids,Workshop,"Engineering, Science, Technology",K-8,Paid,In-person,1-2 hours (single event),,High,By reservation,Medium,False,Not required,Materials,$100-$500,False,True,True,Medium,False,True,,Regional,High,True,Teacher,engineering_for_kids
Engineering For Kids - In-School Field Trips,Bring engineering to your school. Instructors visit schools to deliver hands-on engineering lessons aligned with curriculum standards.,https://www.engineeringforkids.com/,Engineering For Kids,Workshop,"Engineering, Science, Technology",K-8,Paid,In-person,1-2 hours (single visit),,High,By school arrangement,Medium,False,Not required,Materials,$100-$500,False,True,True,Medium,False,False,,Regional,,True,Teacher,engineering_for_kids
"Niche $50,000 Scholarship","No essay required! Monthly scholarship drawing for $50,000 awarded to one high school or college student. Simply create a free Niche profile to enter.",https://www.niche.com/colleges/scholarships/,Niche,Scholarship,All STEM,9-12,Free,Online,Variable (5-15 minutes),,Low,Monthly,,Not applicable,Not required,,Free,False,True,True,Medium,True,False,Required,National,Optional,False,,niche_stem_scholarships
"Niche $2,000 No Essay Scholarship","Monthly $2,000 scholarship with no essay required. Open to high school and college students. Winners selected through monthly drawings.",https://www.niche.com/colleges/scholarships/,Niche,Scholarship,All STEM,9-12,Free,Online,Variable (5-10 minutes),,Low,Monthly,,Not applicable,Not required,,Free,False,True,True,Medium,True,False,Required,National,Optional,False,,niche_stem_scholarships
Simons Summer Research Program,Seven-week research program at Stony Brook University where high school students work on independent projects with faculty mentors in STEM fields.,https://pathwaystoscience.org/programs.aspx,Pathways to Science,Research,"General STEM, Biology, Chemistry, Physics, Mathematics",11-12,Free,In-person,7 weeks (summer),High,High,January 15,Low,True,Not required,Travel,Paid-Program,False,True,True,High,Variable,True,Basic,NY,,True,Professional,pathways_to_science
Prodigy Math - Teacher Tools,"Free teacher dashboard for classroom use. Assign specific math skills, create assessments, track student progress, and differentiate instruction. Standards-aligned reports.",https://www.prodigygame.com/,Prodigy Math,Learning Platform,"Mathematics, Education",1-8,Free,Online,Variable,,High,Rolling,,Not applicable,Not required,,Free,False,True,True,Medium,True,False,Required,International,,False,Teacher,prodigy_math
Prodigy Math - Home Practice Tool,Self-directed math practice at home with engaging gameplay. No teacher assignment needed. Students practice grade-level appropriate math skills independently.,https://www.prodigygame.com/main-en/parents/,Prodigy Math,Learning Platform,Mathematics,1-8,Free,Online,Self-paced,,Low,Rolling,,Not applicable,Not required,Premium Features,Free,False,True,True,Medium,True,False,Required,International,Low,True,,prodigy_math
Sphero STEAM Lesson Library,"Library of cross-curricular STEAM lessons using Sphero robots. Math, science, art, and social studies integration. Teacher guides and student worksheets.",https://edu.sphero.com/,Sphero Education,Curriculum,"STEAM, Mathematics, Science, Art, Engineering",K-12,Free,Hybrid,Variable,,High,Rolling,Medium,False,Not required,Hardware,Free,False,True,True,Medium,True,False,Required,International,Low,True,Teacher,sphero_education
Sphero Teacher Training and Certification,"Free professional development for educators. Learn to integrate Sphero robots into curriculum. Best practices, classroom management, and lesson planning.",https://edu.sphero.com/,Sphero Education,Professional Development,"STEAM Education, Teaching, Curriculum",K-12,Free,Online,Self-paced,,High,Rolling,,Not applicable,Not required,,Free,False,True,True,Medium,True,False,Required,International,,True,Professional,sphero_education
Sphero Community Projects and Sharing,Online community for sharing Sphero projects and programs. Learn from other educators and students. Collaborative coding and project galleries.,https://edu.sphero.com/,Sphero Education,Learning Platform,"Coding, Robotics, Community Learning",K-12,Free,Online,Variable,,Medium,Rolling,,Not applicable,Not required,Optional Hardware,Free,False,True,True,High,True,False,Required,International,Optional,True,Community,sphero_education
Sphero At-Home Learning Activities,Activities designed for home learning and parent engagement. No teacher required. Self-guided lessons for families learning together.,https://edu.sphero.com/,Sphero Education,Learning Platform,"STEAM, Coding, Robotics",K-12,Free,Home,Variable,,Medium,Rolling,Medium,False,Not required,Hardware,Free,False,True,True,Medium,True,False,Required,International,High,False,,sphero_education
Sphero Parent and Educator Resources,"Guides for parents and educators new to robotics. Setup instructions, activity ideas, troubleshooting, and learning progression recommendations.",https://edu.sphero.com/,Sphero Education,Learning Platform,"STEAM Education, Robotics",K-12,Free,Online,Variable,,High,Rolling,,Not applicable,Not required,,Free,False,True,True,Medium,True,False,Required,International,High,False,,sphero_education
STEMfinity Teacher Curriculum Guides,"Comprehensive curriculum guides for K-12 STEM teachers. Lesson plans, standards alignment, assessment tools, and classroom management strategies.",https://www.stemfinity.com/STEM-Education,STEMfinity,Professional Development,"STEM Education, Curriculum",K-12,Free,Online,Variable,,High,,,Not applicable,Not required,,Free,False,True,True,Medium,True,False,Required,National,,False,Professional,stemfinity
STEM Challenge Educator Workshop,Professional development for teachers incorporating game design into STEM curriculum. Learn how to guide students through the competition and integrate game-based learning.,https://www.stemchallenge.org/,National STEM Video Game Challenge,Professional Development,"Computer Science, Game Design, Education",K-12,Free,Online,Variable,,High,Rolling,,Not applicable,Not required,,Free,False,True,True,Medium,True,False,Required,National,,True,Professional,stem_video_game_challenge
Tynker Coding for Educators,"Comprehensive classroom curriculum and resources for teachers. Includes lesson plans, assessment tools, and student progress tracking for K-12 coding education.",https://www.tynker.com/k-12/,Tynker,Learning Platform,"Computer Science, Education, Programming",K-12,Freemium,Online,Academic year,,Medium,Rolling,Low,True,Not required,Premium-Features,Free-Tier-Available,False,True,True,Medium,True,False,Required,International,Low,True,Teacher,tynker
RobotLAB Classroom Robotics,"Turn-key robotics curriculum for schools. Complete lesson plans, robotics kits, and teacher training for implementing robotics education in K-12 classrooms.",https://www.robotlab.com/,RobotLAB,Curriculum,"Robotics, Engineering, Programming",K-12,Paid,In-person,Academic year,,High,Rolling,High,False,Not required,Equipment,$1000+,False,True,True,Medium,True,False,Helpful,National,,True,Teacher,youth_robotics
FIRST LEGO League Classroom Program,"Curriculum integration version of FLL for schools. Teachers implement LEGO robotics challenges within regular class time, no competition required.",https://www.firstinspires.org/,FIRST,Curriculum,"Robotics, Engineering, Programming",4-8,Paid,In-person,12-16 weeks (class time),,High,Academic year,Medium,True,Not required,Equipment,$500-$1000,False,True,True,Medium,True,False,Helpful,National,,True,Teacher,youth_robotics
Zearn Math - Teacher Dashboard,"Free teacher tools for monitoring student progress, assigning lessons, and tracking mastery. Data-driven insights to support differentiated instruction in math.",https://www.zearn.org/,Zearn Math,Learning Platform,"Mathematics, Education",K-8,Free,Online,Variable,,High,Rolling,,Not applicable,Not required,,Free,True,True,True,High,True,False,Required,National,,False,Teacher,zearn_math
Astronaut Scholarship Foundation - Undergraduate STEM Scholarship,"$15,000 scholarship for outstanding college sophomores and juniors pursuing degrees in STEM fields. Established by Mercury 7 astronauts to support future leaders in science and technology. Recipients join prestigious network of astronaut scholars.",https://www.astronautscholarship.org/scholarships.html,Astronaut Scholarship Foundation,Scholarship,"Aerospace Engineering, Engineering, Physical Sciences, Computer Science",College Sophomore-Junior,Free to apply,Virtual,1-2 hours application,Advanced,High,Nominated by participating universities,,N/A - This is financial aid,No,,Free,False,True,False,Medium,True,No,High,Participating universities only,No,High,High,astronaut_scholarship
Boeing Teacher Professional Development,Professional development program for educators to learn aerospace concepts and teaching methods. Teachers receive Boeing curriculum materials and ongoing support to implement STEM programs.,https://www.boeing.com/company/key-orgs/boeing-global-engagement/community-investment/education-and-learning,Boeing,Professional Development,"Aerospace Engineering, Aviation, Engineering, Manufacturing",Educators,Free,In-person,3-5 days,,High,Check Boeing website,,True,False,Low,Free,True,True,False,High,True,True,Basic,Select-regions,,True,Professional,boeing_student_programs
CMU Robotics Academy - Teacher Professional Development,"Free professional development for educators teaching robotics and computer science. Online and in-person training, curriculum implementation support, and ongoing educator community.",https://www.roboticseducation.org/,Carnegie Mellon Robotics Academy,Program,"Teacher Training, Robotics Education, Professional Development",K-12,Free,Online,Variable,,High,Rolling,,Not applicable,Not required,,Free,True,True,True,High,True,False,Required,International,,True,Professional,cmu_robotics_academy
Coding Rooms - Python Fundamentals (Middle School),"Comprehensive Python course for middle school students. Cover variables, data types, conditionals, loops, functions, lists, and dictionaries. Hands-on projects with real-time collaboration and teacher feedback.",https://www.codingrooms.com/curriculum,Coding Rooms,Learning Platform,"Computer Science, Programming, Python",6-8,Freemium,Online,20-30 hours,,Medium,Rolling,Low,Limited,Optional,Premium Features,Free-Tier-Available,True,True,True,High,True,False,Required,International,Low,True,Teacher,coding_rooms
Coding Rooms - Teacher Dashboard and Classroom Management,"Comprehensive teacher tools for managing coding classrooms. Real-time student monitoring, automated grading, assignment creation, progress tracking, and classroom analytics. Free for educators.",https://www.codingrooms.com/,Coding Rooms,Learning Platform,"Computer Science Education, Teaching Tools",K-12,Free,Online,Variable,,High,Rolling,,Not applicable,Not required,,Free,True,True,True,High,True,False,Required,International,,False,Teacher,coding_rooms
Coolmath Games - Classroom Integration Resources,"Teacher resources and guides for integrating Coolmath Games into classroom instruction. Free educational gaming as brain breaks, rewards, or supplemental learning activities.",https://www.coolmathgames.com/,Coolmath Games,Learning Platform,"Mathematics, Education, Teaching Resources",K-12,Free,Online,Self-paced,,Medium,Rolling,,Not applicable,Not required,,Free,True,True,True,High,True,False,Required,International,,False,Teacher,coolmath_games
FIRST LEGO League Classroom Edition,Curriculum-based version of FIRST LEGO League for in-school implementation. Structured lesson plans aligned to education standards. Teachers guide students through season challenges during class time. Optional participation in showcase events.,https://www.firstlegoleague.org/,FIRST LEGO League,Program,"Robotics, Engineering, Curriculum, Education",4-8,Paid,In-person,Semester,,High,School year,Medium,Limited,Optional,Equipment,$100-$500,True,True,True,High,True,False,Basic,International,Low,True,Teacher,first_lego_league
Girls Who Code Facilitator Program,"Training and support program for educators and volunteers to lead Girls Who Code clubs and activities, including curriculum resources and professional development.",https://girlswhocode.com/programs/facilitators,Girls Who Code,Tech Program,"Computer Science, Programming",6-12,Free,Hybrid,Training workshops,,High,Workshop registration,,False,Any,,Free,True,True,True,High,False,True,Basic,Select-regions,Optional,True,Professional,girls_who_code_programs
Hopscotch - Educator Dashboard,"Free classroom management tools for teachers. Create class codes, monitor student progress, view projects, and access curriculum-aligned lesson plans. Support K-8 computer science education.",https://www.gethopscotch.com/educators,Hopscotch,Learning Platform,"Computer Science Education, Classroom Management, Curriculum",4-8,Free,Online,Variable,,High,Rolling,,Not applicable,Not required,,Free,True,True,True,Medium,True,False,Required,International,Low,False,Teacher,hopscotch_coding
Hopscotch - Classroom Lesson Plans,"Free downloadable lesson plans aligned to CSTA standards. Step-by-step coding activities, project rubrics, and assessment tools. Support educators teaching grades 4-8 computer science.",https://www.gethopscotch.com/educators,Hopscotch,Learning Platform,"Computer Science Education, Curriculum, Standards-Aligned",4-8,Free,Online,Variable,,High,Rolling,,Not applicable,Not required,,Free,True,True,True,Medium,True,False,Required,International,Low,False,Teacher,hopscotch_coding
Science Fair Research Mentor Training,Professional development program for teachers and mentors to effectively guide students through independent research projects and science fair competition preparation.,https://www.societyforscience.org/outreach-programs/,Society for Science,Teacher Program,All STEM,6-12,Free,Virtual,Workshop series,Medium,High,Scheduled workshops,Medium,True,Any,Equipment,Free,True,True,True,Medium,True,True,Basic,National,Optional,True,Adult,intel_science_fair_programs
Jack Kent Cooke College Scholarship,"Highly selective scholarship for high-achieving high school seniors with financial need. Covers up to $40,000 per year for undergraduate study at accredited four-year institutions. Includes comprehensive academic and personal support.",https://www.jkcf.org/our-scholarships/college-scholarship/,Jack Kent Cooke Foundation,Need-Based Scholarship,All STEM,12,Free,Remote,4 years,Very High,High,November application,,True,Low-income-focus,,Free,True,True,True,High,True,False,Basic,National,Required,True,Professional,jkc_foundation_programs
Jack Kent Cooke Undergraduate Transfer Scholarship,"Prestigious scholarship for community college students transferring to four-year institutions. Supports high-achieving students with significant financial need. Provides up to $40,000 per year and comprehensive academic support services.",https://www.jkcf.org/our-scholarships/undergraduate-transfer/,Jack Kent Cooke Foundation,Need-Based Scholarship,All STEM,College,Free,Remote,2-3 years,Very High,High,December application,,True,Low-income-focus,,Free,True,True,True,High,True,False,Basic,National,Required,True,Professional,jkc_foundation_programs
Jack Kent Cooke Graduate Arts Award,"Support for graduate students pursuing MFA degrees in creative writing, theater, or visual arts. Recognizes exceptional artistic talent and financial need. Provides funding for graduate study at accredited institutions.",https://www.jkcf.org/our-scholarships/,Jack Kent Cooke Foundation,Academic Scholarship,Arts (limited STEM relevance),Graduate,Free,Remote,2-3 years,Very High,High,January application,,True,Low-income-focus,,Free,True,True,True,High,True,False,Basic,National,Required,True,Professional,jkc_foundation_programs
MATHCOUNTS Trainer Program,Professional development program for educators to become certified MATHCOUNTS trainers. Learn coaching strategies and competition preparation techniques.,https://mathcounts.org/programs/trainer-program,MATHCOUNTS,Math Program,Mathematics,6-8,Low-cost,Regional,1-2 days training,High,High,Summer workshops,Low,False,Any,,Under-$100,False,True,True,Medium,True,False,Basic,National,Optional,True,Adult,mathcounts_programs
MIT App Inventor Master Trainer Course,Comprehensive professional development course for educators to learn App Inventor and integrate mobile app development into their curriculum. Includes pedagogy and assessment strategies.,http://appinventor.mit.edu/teach/master-trainer/,MIT App Inventor,Programming Course,"Computer Science, Mobile App Development",6-12,Free,Online,4-6 weeks,Basic,High,Scheduled cohorts,,False,Any,,Free,True,True,True,Medium,True,False,Basic,National,,False,,mit_app_inventor_programs
Mystery Science - School Subscription,"Full-access subscription for schools providing complete K-5 science curriculum. Teacher guides, assessments, and additional resources. Professional development support. NGSS-aligned comprehensive program.",https://mysteryscience.com/school/overview,Mystery Science,Learning Platform,"Multi-Subject Science, Curriculum, Teacher Resources",K-5,Paid,Classroom,Full curriculum,,High,Rolling,Medium,School-district,Not applicable,Materials,$500-$1000,True,True,True,High,True,False,Required,National,Low,False,Teacher,mystery_science
NASA Launches 2026 Lunabotics Challenge,"As college students across the country embark upon the academic year, NASA is giving them something else to look forward to – the agency’s 2026 Lunabotics Challenge. Teams interested in participating can submit their applications and supporting materials through NASA’s Stem Gateway portal beginning Monday, Sept. 8.",https://www.nasa.gov/learning-resources/for-colleges-universities/nasa-launches-2026-lunabotics-challenge/,NASA,Competition,"Rocket Engineering, Computer Science",6-12,Free,Virtual,2 weeks,Medium,High,Varies by session,,False,Any,"Travel, Equipment",Free,True,True,True,High,True,False,High-speed-required,National,Required,True,Professional,nasa_programs_combined
Corporate-Sponsored Merit Scholarships,Business and corporate sponsors provide scholarships for children of employees or students in specific geographic regions. Awards may be renewable for four years of undergraduate study.,https://www.nationalmerit.org/,National Merit Scholarship Corporation,Merit Scholarship,All STEM,11-12,Free,Remote,1-2 years,High,Low,Varies by sponsor,,True,False,,Free,False,True,False,Low,True,False,Basic,National,Optional,False,,national_merit_programs
NIH Undergraduate Scholarship Program,Scholarship program for undergraduate students from disadvantaged backgrounds committed to careers in biomedical research. Includes summer research at NIH.,https://www.training.nih.gov/programs/ugsp,National Institute of Health,Research Program,"Biology, Medicine, Biomedical Research, Neuroscience",College,Free,In-person,10 weeks,Medium,High,February application,,True,False,Low,Free,True,True,True,High,False,True,Basic,Select-regions,,True,Professional,nih_student_programs
NOAA Climate.gov Educational Resources,"Comprehensive climate science education materials, data tools, and curriculum resources for K-12 students and educators focused on climate change and variability.",https://www.climate.gov/teaching,NOAA,Federal Program,"Environmental Science, Climate Science, Earth Science",K-12,Free,Online,Self-paced,,Medium,Open access,Low,False,Any,,Free,True,True,False,High,False,True,Basic,National,Optional,False,Professional,noaa_education_programs
NOAA Teacher at Sea Program,"Professional development program for educators to join NOAA research expeditions, gaining hands-on experience in ocean and atmospheric science research.",https://www.noaa.gov/office-education/teacher-at-sea,NOAA,Teacher Program,"Environmental Science, Ocean Science, Climate Science",K-12,Free,Federal,1-3 weeks,High,High,Annual applications,Low,False,Any,,Free,True,True,False,High,False,True,Basic,National,Optional,False,Professional,noaa_education_programs
NSBE Jr. - STEM Saturday Academies,"Monthly Saturday enrichment programs offering advanced STEM instruction. Topics include coding, robotics, 3D design, and engineering principles. Small class sizes with individualized attention. Project-based learning with take-home creations. College students and professionals as instructors. Breakfast and lunch often provided. Academic year program supplementing school curriculum. Free or low-cost for chapter members.",https://www.nsbe.org/nsbejr,NSBE Jr.,Program,"Coding, Robotics, 3D Design, Engineering",6-12,Paid,In-person,Monthly,Beginner,High,Rolling,Low,Available,Optional,Low,$50-$100,True,True,True,High,False,True,Low,Local,Medium,True,Professional,nsbe_jr
Osmo - Parent and Teacher Dashboard,"Free web portal tracking child progress across all Osmo games. View skills developed, time played, levels completed, and areas for growth. Generate progress reports and set learning goals. Monitor multiple children.",https://www.playosmo.com/,Osmo,Learning Platform,"Educational Technology, Progress Tracking, Data Analytics",PreK-6,Free,Online,Variable,,Medium,Rolling,,Not applicable,Not required,,Free,True,True,True,Medium,True,False,Required,International,High,False,Parent,osmo_learning
Osmo - Classroom Educator Resources,"Free teaching resources including lesson plans, curriculum guides, and classroom management tools. Standards-aligned activities for integrating Osmo into K-6 classrooms. Professional development materials for educators.",https://www.playosmo.com/,Osmo,Learning Platform,"Educational Resources, Curriculum, Teacher Professional Development",K-6,Free,Online,Variable,,High,Rolling,,Not applicable,Not required,,Free,True,True,True,Medium,True,False,Required,International,Low,False,Teacher,osmo_learning
PBS Kids - PBS Parents: STEM Activities Guide,"Free downloadable activities and lesson plans for parents and educators. Hands-on STEM projects, experiments, and learning extensions. Support children ages 2-8 with at-home science and math enrichment.",https://pbskids.org/,PBS Kids,Learning Platform,"STEM Education, Parent Resources, Activity Guides, Lesson Plans",PreK-3,Free,Online,Variable,,High,Rolling,,Not applicable,Not required,,Free,True,True,True,High,True,False,Required,National,High,False,Parent,pbs_kids_stem
PBS Kids - Educator Resources Portal,"Free classroom resources, lesson plans, and professional development. Standards-aligned STEM curricula for PreK-3 teachers. Access teaching guides, assessment tools, and classroom activities.",https://pbskids.org/,PBS Kids,Learning Platform,"STEM Education, Teacher Resources, Professional Development, Curriculum",PreK-3,Free,Online,Variable,,High,Rolling,,Not applicable,Not required,,Free,True,True,True,High,True,False,Required,National,Low,False,Teacher,pbs_kids_stem
Pioneer Academics - Psychology and Human Behavior,"Research in psychology exploring cognition, behavior, or mental health. Work with psychology professor on topics like decision-making, social psychology, or clinical psychology. Study experimental design, psychological assessment, or therapeutic interventions. Research may involve literature review, survey design, or data analysis. Topics can include memory, perception, personality, or developmental psychology. Develop understanding of psychological research methods.",https://pioneeracademics.com/subjects/,Pioneer Academics,Research,"Psychology, Cognitive Science, Behavioral Science, Research Methods, Statistics",9-12,Paid,Online,5 weeks,High,High,Rolling admissions,High,Scholarships-available,Optional,Program-Fee,$1000+,True,True,True,High,True,False,Required,International,,False,Professional,pioneer_academics
Pioneer Academics - Political Science and International Relations,"Research in political science exploring governance, policy, or international relations. Work with political science professor on topics like voting behavior, conflict resolution, or political institutions. Study quantitative political analysis, comparative politics, or international security. Research may involve data analysis, case studies, or theoretical modeling. Topics can include democratization, human rights, diplomacy, or political economy.",https://pioneeracademics.com/subjects/,Pioneer Academics,Research,"Political Science, International Relations, Data Analysis, Research Methods, Policy",9-12,Paid,Online,5 weeks,High,High,Rolling admissions,High,Scholarships-available,Optional,Program-Fee,$1000+,True,True,True,High,True,False,Required,International,,False,Professional,pioneer_academics
Pioneer Academics - Philosophy and Logic,"Research in philosophy exploring ethics, metaphysics, epistemology, or logic. Work with philosophy professor on topics like moral philosophy, philosophy of mind, or formal logic. Study argumentation, critical reasoning, and philosophical methodology. Research may involve developing philosophical arguments, analyzing texts, or applying logic. Topics can include consciousness, free will, justice, or philosophy of science. Develop rigorous analytical thinking skills.",https://pioneeracademics.com/subjects/,Pioneer Academics,Research,"Philosophy, Logic, Critical Thinking, Ethics, Analytical Reasoning",9-12,Paid,Online,5 weeks,High,High,Rolling admissions,High,Scholarships-available,Optional,Program-Fee,$1000+,True,True,True,High,True,False,Required,International,,False,Professional,pioneer_academics
RISE Germany - Research Internships in Science and Engineering,"Prestigious 10-12 week summer research internship program for undergraduates at top German universities and research institutions. High school students entering college may apply. Work one-on-one with PhD advisors on cutting-edge research projects. Stipend provided covering living expenses. Housing assistance and German language course included. Research fields include physics, chemistry, biology, computer science, engineering, and mathematics. Develop international research experience and cultural competency. Strong academic record required (3.5+ GPA). Application includes transcripts, essays, and letters of recommendation.",https://www.riseprograms.org/programs,RISE Programs,Research Opportunity,"Physics, Chemistry, Biology, Computer Science, Engineering, Mathematics",12,Free,In-person,10-12 weeks,High,High,December,Low,Stipend-provided,Not required,Travel,Paid-Program,True,True,True,High,True,True,Medium,International,Low,True,Professional,rise_research
Roblox Education - Educator Resources and Lesson Plans,"Free curriculum resources for teachers using Roblox Studio in classroom. Standards-aligned lesson plans, student worksheets, assessment rubrics, and classroom management guides. Support K-12 computer science education.",https://education.roblox.com/en-us/resources,Roblox Education,Learning Platform,"Computer Science Education, Curriculum Development",5-12,Free,Online,Variable,,High,Rolling,,Not applicable,Not required,,Free,True,True,True,High,True,False,Required,International,,False,Teacher,roblox_education
Samsung Solve for Tomorrow - Phase 1: Idea Submission,"Initial phase requiring teams to identify community problem and propose STEM-based solution. Submit 350-word description explaining issue, why it matters, and how STEM can address it. Teams brainstorm local challenges in environment, health, or community wellbeing. Teacher facilitates team discussion and submission. All participating schools receive Samsung classroom kit. Open to all 6-12 public schools.",https://www.samsung.com/us/solvefortomorrow/,Samsung Solve for Tomorrow,Competition,"STEM Integration, Problem Identification, Community Analysis",6-12,Free,Online,2-4 weeks,,Medium,October-November,,Classroom-kit,Not required,,Free-Entry,True,True,True,High,True,False,Required,National,Low,True,Teacher,samsung_solve_for_tomorrow
Samsung Solve for Tomorrow - Teacher Professional Development,"Free professional development resources for teachers facilitating competition teams. Curriculum guides, lesson plans, and STEM teaching strategies. Webinars on project-based learning, design thinking, and student mentorship. Community of educators sharing best practices. Available year-round supporting classroom STEM integration.",https://www.samsung.com/us/solvefortomorrow/,Samsung Solve for Tomorrow,Competition,"STEM Education, Project-Based Learning, Design Thinking, Teaching",6-12,Free,Online,Flexible,Teacher participation,High,Rolling,,Not applicable,Not required,,Free,True,True,True,High,True,False,Required,National,,True,Professional,samsung_solve_for_tomorrow
Tinkercad Educator Resources,"Free lesson plans, classroom activities, and teacher guides for K-12. Standards-aligned curriculum integration resources. Professional development for educators.",https://www.tinkercad.com/learn,Tinkercad,Learning Platform,"Education, Teaching Resources, Curriculum",K-12,Free,Online,Variable,,High,Rolling,,Not applicable,Not required,,Free,True,True,True,High,True,False,Required,International,,False,Teacher,tinkercad
TypingClub - Teacher Portal and Classroom Management,"Free teacher accounts for classroom management. Assign lessons, track student progress, and view class analytics. Create typing curriculum aligned to education standards. Monitor 30+ students simultaneously.",https://www.typingclub.com/sportal/,TypingClub,Learning Platform,"Computer Skills, Technology, Classroom Technology, Education",K-12,Free,Online,Teacher-managed,,High,Rolling,,Not applicable,Not required,,Free,True,True,True,High,True,False,Required,International,,True,Teacher,typingclub
Northwestern University Center for Talent Development (CTD),Gifted education programs including online courses and summer programs with university faculty mentorship. Advanced STEM courses with personalized instruction. Virtual and in-person options. Year-round programming.,https://www.ctd.northwestern.edu/,Northwestern University,Mentorship,"Mathematics, Science, Engineering, Technology",7-12,Paid,Virtual,Per course,High,High,Rolling,Medium,Available,Optional,Tuition,$500-$1000,True,True,True,High,True,False,Required,International,Low,True,Professional,university_stem_mentorship
VEX U Competition,University-level robotics competition for college students. Teams design custom robots with fewer restrictions than high school competition. Emphasizes advanced engineering design and autonomous programming capabilities.,https://www.vexrobotics.com/competition/vexu,VEX Robotics,Robotics Competition,"Engineering, Programming, Design, Mathematics",College,1000-2500,In-person,6-8 months,Medium,High,August-May (competition season),Medium,False,False,Travel,$1000-2500,False,True,True,Medium,True,True,Basic,National,Optional,True,Adult,vex_robotics_programs
Wonder Workshop - Classroom Management Portal,"Free teacher dashboard managing student progress, robot inventory, and lesson planning. Track class activities, share resources, and monitor learning objectives. Professional development tools.",https://www.makewonder.com/classroom/,Wonder Workshop,Learning Platform,"Educational Technology, Teaching Tools, Classroom Management",K-8,Free,Classroom,Variable,,High,Rolling,High,Limited,Optional,Equipment,Hardware-Required,True,True,True,High,True,False,Required,International,,False,Teacher,wonder_workshop
Wonder Workshop - Professional Development,"Free online training for educators using Wonder robots. Webinars, video tutorials, and best practices for classroom implementation. Earn PD certificates.",https://www.makewonder.com/classroom/,Wonder Workshop,Learning Platform,"Teacher Training, Robotics Education, Professional Development",K-8,Free,Online,Variable,,High,Rolling,,Not applicable,Not required,,Free,True,True,True,High,True,False,Required,International,,True,Professional,wonder_workshop
Wonder Workshop - Project Library,"Free library of project ideas, challenges, and lesson extensions. Browse by grade level, subject, or skill. Teacher-created and community-shared resources.",https://www.makewonder.com/curriculum/,Wonder Workshop,Curriculum,"Robotics, Project-Based Learning, STEM",K-8,Free,Classroom,Variable,,Medium,Rolling,High,Limited,Optional,Equipment,Hardware-Required,True,True,True,High,True,False,Basic,International,Low,True,Teacher,wonder_workshop
