group_id,name_1,name_2,source_1,source_2,url,stem_fields_1,stem_fields_2,name_similarity,recommendation,reason
REVIEW_0,TEAMS Middle School Competition,TEAMS High School Competition,Technology Student Association,Technology Student Association,http://www.tsaweb.org/TEAMS,"Engineering, Mathematics, Science","Engineering, Mathematics, Science",0.8666666666666667,need_review,Same URL but different names - possibly different programs
REVIEW_0,USACO Bronze Division,USACO Gold Division,USA Computing Olympiad,USA Computing Olympiad,http://www.usaco.org/index.php?page=contests,"Computer Science, Algorithms","Computer Science, Algorithms",0.8,need_review,Same URL but different names - possibly different programs
REVIEW_0,USACO Silver Division,USACO Gold Division,USA Computing Olympiad,USA Computing Olympiad,http://www.usaco.org/index.php?page=contests,"Computer Science, Algorithms","Computer Science, Algorithms",0.8,need_review,Same URL but different names - possibly different programs
REVIEW_0,Zero Robotics 2D Simulation Rounds,Zero Robotics 3D Simulation Finals,MIT/NASA Zero Robotics,MIT/NASA Zero Robotics,http://zerorobotics.mit.edu/compete/,"Computer Science, Programming, Algorithm Design","Computer Science, Orbital Mechanics, Physics, Robotics",0.8529411764705882,need_review,Same URL but different names - possibly different programs
REVIEW_0,AI4ALL at Stanford University,AI4ALL at Boston University,AI4ALL,AI4ALL,https://ai-4-all.org/programs/,"Artificial Intelligence, Computer Science, Machine Learning","Artificial Intelligence, Computer Science, Data Analysis",0.8571428571428571,need_review,Same URL but different names - possibly different programs
REVIEW_0,AI4ALL at Princeton University,AI4ALL at Boston University,AI4ALL,AI4ALL,https://ai-4-all.org/programs/,"Artificial Intelligence, Computer Science, Data Science","Artificial Intelligence, Computer Science, Data Analysis",0.8421052631578947,need_review,Same URL but different names - possibly different programs
REVIEW_0,AI4ALL at Boston University,AI4ALL at Simon Fraser University,AI4ALL,AI4ALL,https://ai-4-all.org/programs/,"Artificial Intelligence, Computer Science, Data Analysis","Artificial Intelligence, Computer Science, Sustainability",0.8,need_review,Same URL but different names - possibly different programs
REVIEW_0,Amplify Science 3 - Weather and Climate,Amplify Science 6 - Weather Patterns,Amplify Science,Amplify Science,https://amplify.com/programs/amplify-science,"Earth Science, Meteorology, Climate Science, Data Analysis","Earth Science, Meteorology, Atmospheric Science, Data Analysis",0.8,need_review,Same URL but different names - possibly different programs
REVIEW_0,Amplify Science 4 - Earth's Features,Amplify Science 5 - Earth's Water,Amplify Science,Amplify Science,https://amplify.com/programs/amplify-science,"Earth Science, Geology, Plate Tectonics, Natural Hazards","Earth Science, Hydrology, Environmental Science, Engineering",0.8695652173913043,need_review,Same URL but different names - possibly different programs
REVIEW_0,Amplify Science 5 - Earth's Water,Amplify Science 6 - Weather Patterns,Amplify Science,Amplify Science,https://amplify.com/programs/amplify-science,"Earth Science, Hydrology, Environmental Science, Engineering","Earth Science, Meteorology, Atmospheric Science, Data Analysis",0.8115942028985508,need_review,Same URL but different names - possibly different programs
REVIEW_0,Amplify Science 5 - Earth's Water,Amplify Science 8 - Earth History,Amplify Science,Amplify Science,https://amplify.com/programs/amplify-science,"Earth Science, Hydrology, Environmental Science, Engineering","Earth Science, Paleontology, Geology, Evolution",0.8181818181818182,need_review,Same URL but different names - possibly different programs
REVIEW_0,AoPS Introduction to Algebra A,AoPS Introduction to Geometry,Art of Problem Solving,Art of Problem Solving,https://artofproblemsolving.com/online-school,Mathematics,Mathematics,0.8135593220338984,need_review,Same URL but different names - possibly different programs
REVIEW_0,AoPS Introduction to Algebra A,AoPS Introduction to Java,Art of Problem Solving,Art of Problem Solving,https://artofproblemsolving.com/online-school,Mathematics,"Computer Science, Programming",0.8363636363636363,need_review,Same URL but different names - possibly different programs
REVIEW_0,AoPS Introduction to Algebra B,AoPS Introduction to Geometry,Art of Problem Solving,Art of Problem Solving,https://artofproblemsolving.com/online-school,Mathematics,Mathematics,0.8135593220338984,need_review,Same URL but different names - possibly different programs
REVIEW_0,AoPS Introduction to Algebra B,AoPS Introduction to Java,Art of Problem Solving,Art of Problem Solving,https://artofproblemsolving.com/online-school,Mathematics,"Computer Science, Programming",0.8363636363636363,need_review,Same URL but different names - possibly different programs
REVIEW_0,AoPS Introduction to Counting & Probability,AoPS Intermediate Counting & Probability,Art of Problem Solving,Art of Problem Solving,https://artofproblemsolving.com/online-school,Mathematics,Mathematics,0.8192771084337349,need_review,Same URL but different names - possibly different programs
REVIEW_0,AoPS Precalculus,AoPS Calculus,Art of Problem Solving,Art of Problem Solving,https://artofproblemsolving.com/online-school,Mathematics,Mathematics,0.896551724137931,need_review,Same URL but different names - possibly different programs
REVIEW_0,AoPS AMC 10 Problem Series,AoPS AIME Problem Series,Art of Problem Solving,Art of Problem Solving,https://artofproblemsolving.com/online-school,Mathematics,Mathematics,0.88,need_review,Same URL but different names - possibly different programs
REVIEW_0,AoPS AMC 12 Problem Series,AoPS AIME Problem Series,Art of Problem Solving,Art of Problem Solving,https://artofproblemsolving.com/online-school,Mathematics,Mathematics,0.88,need_review,Same URL but different names - possibly different programs
REVIEW_0,AoPS USAMO Preparation,AoPS USACO Bronze Preparation,Art of Problem Solving,Art of Problem Solving,https://artofproblemsolving.com/online-school,Mathematics,"Computer Science, Algorithms",0.8235294117647058,need_review,Same URL but different names - possibly different programs
REVIEW_0,AoPS USAMO Preparation,AoPS USACO Silver Preparation,Art of Problem Solving,Art of Problem Solving,https://artofproblemsolving.com/online-school,Mathematics,"Computer Science, Algorithms",0.8235294117647058,need_review,Same URL but different names - possibly different programs
REVIEW_0,AoPS Introduction to Programming with Python,AoPS Intermediate Programming with Python,Art of Problem Solving,Art of Problem Solving,https://artofproblemsolving.com/online-school,"Computer Science, Programming","Computer Science, Programming",0.8235294117647058,need_review,Same URL but different names - possibly different programs
REVIEW_0,AoPS USACO Bronze Preparation,AoPS USACO Silver Preparation,Art of Problem Solving,Art of Problem Solving,https://artofproblemsolving.com/online-school,"Computer Science, Algorithms","Computer Science, Algorithms",0.8275862068965517,need_review,Same URL but different names - possibly different programs
REVIEW_0,AoPS Summer Math Camp - Middle School,AoPS Summer Math Camp - High School,Art of Problem Solving,Art of Problem Solving,https://artofproblemsolving.com/summer-programs,Mathematics,Mathematics,0.8888888888888888,need_review,Same URL but different names - possibly different programs
REVIEW_0,NCWIT Aspirations in Computing National Award,NCWIT Aspirations in Computing Regional Award,NCWIT Aspirations in Computing,NCWIT Aspirations in Computing,https://aspirations.org/recognitions-awards,"Computer Science, Technology, Software Development","Computer Science, Technology, Software Development",0.9333333333333333,need_review,Same URL but different names - possibly different programs
REVIEW_0,NCWIT Aspirations in Computing National Award,NCWIT Aspirations in Computing Affiliate Award,NCWIT Aspirations in Computing,NCWIT Aspirations in Computing,https://aspirations.org/recognitions-awards,"Computer Science, Technology, Software Development","Computer Science, Technology, Career Networking",0.8571428571428571,need_review,Same URL but different names - possibly different programs
REVIEW_0,NCWIT Aspirations in Computing National Award,NCWIT Aspirations in Computing Rising Star Award,NCWIT Aspirations in Computing,NCWIT Aspirations in Computing,https://aspirations.org/recognitions-awards,"Computer Science, Technology, Software Development","Computer Science, Technology",0.8387096774193549,need_review,Same URL but different names - possibly different programs
REVIEW_0,NCWIT Aspirations in Computing Regional Award,NCWIT Aspirations in Computing Affiliate Award,NCWIT Aspirations in Computing,NCWIT Aspirations in Computing,https://aspirations.org/recognitions-awards,"Computer Science, Technology, Software Development","Computer Science, Technology, Career Networking",0.8351648351648352,need_review,Same URL but different names - possibly different programs
REVIEW_0,NCWIT Aspirations in Computing Regional Award,NCWIT Aspirations in Computing Rising Star Award,NCWIT Aspirations in Computing,NCWIT Aspirations in Computing,https://aspirations.org/recognitions-awards,"Computer Science, Technology, Software Development","Computer Science, Technology",0.8602150537634409,need_review,Same URL but different names - possibly different programs
REVIEW_0,NCWIT Aspirations in Computing Affiliate Award,NCWIT Aspirations in Computing Rising Star Award,NCWIT Aspirations in Computing,NCWIT Aspirations in Computing,https://aspirations.org/recognitions-awards,"Computer Science, Technology, Career Networking","Computer Science, Technology",0.8085106382978723,need_review,Same URL but different names - possibly different programs
REVIEW_0,NSBE Jr. High School STEM Scholarship,SWE High School Scholarship,College Board BigFuture,College Board BigFuture,https://bigfuture.collegeboard.org/scholarships,"Engineering, Computer Science, Technology","Engineering, Computer Science",0.8125,need_review,Same URL but different names - possibly different programs
REVIEW_0,GE-Reagan Foundation Scholarship,Siemens Foundation Scholarship,College Board BigFuture,College Board BigFuture,https://bigfuture.collegeboard.org/scholarships,"General STEM, Engineering, Technology","Engineering, Computer Science, Technology",0.8387096774193549,need_review,Same URL but different names - possibly different programs
REVIEW_0,Bold.org - Black Women in Engineering Scholarship,Bold.org - Renewable Energy Engineering Scholarship,Bold.org,Bold.org,https://bold.org/scholarships/engineering/,"Engineering, STEM, Mechanical Engineering, Biomedical Engineering","Engineering, Environmental Engineering, Renewable Energy, Sustainability",0.8,need_review,Same URL but different names - possibly different programs
REVIEW_0,CodeCombat Python Programming Track,CodeCombat JavaScript Programming Track,CodeCombat,CodeCombat,https://codecombat.com/play,"Computer Science, Programming, Python","Computer Science, Programming, JavaScript, Web Development",0.8378378378378378,need_review,Same URL but different names - possibly different programs
REVIEW_0,Codeforces Regular Contests,Codeforces Virtual Contests,Codeforces,Codeforces,https://codeforces.com/contests,"Computer Science, Programming, Algorithms","Computer Science, Programming, Algorithms",0.8518518518518519,need_review,Same URL but different names - possibly different programs
REVIEW_0,codeSpark Academy - Game Maker,codeSpark Academy - Story Maker,codeSpark Academy,codeSpark Academy,https://codespark.com/learn,"Computer Science, Game Design, Programming, Creativity","Computer Science, Programming, Storytelling, Literacy",0.8524590163934426,need_review,Same URL but different names - possibly different programs
REVIEW_0,Regional Envirothon Competition,State Envirothon Competition,Envirothon,Envirothon,https://envirothon.org/compete/,"Environmental Science, Ecology, Biology, Soils Science","Environmental Science, Ecology, Biology, Forestry, Wildlife Management",0.8135593220338984,need_review,Same URL but different names - possibly different programs
REVIEW_0,Gizmos - Rock Cycle,Gizmos - Water Cycle,ExploreLearning Gizmos,ExploreLearning Gizmos,https://gizmos.explorelearning.com/,"Earth Science, Geology, Rock Cycle, Minerals","Earth Science, Hydrology, Water Cycle, Environmental Science",0.8205128205128205,need_review,Same URL but different names - possibly different programs
REVIEW_0,MATHCOUNTS Sprint Round,MATHCOUNTS Target Round,MATHCOUNTS,MATHCOUNTS,https://mathcounts.org/programs/competition-rules-faq,Mathematics,Mathematics,0.8260869565217391,need_review,Same URL but different names - possibly different programs
REVIEW_0,MATHCOUNTS Sprint Round,MATHCOUNTS Team Round,MATHCOUNTS,MATHCOUNTS,https://mathcounts.org/programs/competition-rules-faq,Mathematics,Mathematics,0.8181818181818182,need_review,Same URL but different names - possibly different programs
REVIEW_0,MATHCOUNTS Target Round,MATHCOUNTS Team Round,MATHCOUNTS,MATHCOUNTS,https://mathcounts.org/programs/competition-rules-faq,Mathematics,Mathematics,0.8636363636363636,need_review,Same URL but different names - possibly different programs
REVIEW_0,MATHCOUNTS School Competition,MATHCOUNTS Chapter Competition,MATHCOUNTS,MATHCOUNTS,https://mathcounts.org/programs/mathcounts-competition-series,Mathematics,Mathematics,0.847457627118644,need_review,Same URL but different names - possibly different programs
REVIEW_0,MATHCOUNTS School Competition,MATHCOUNTS State Competition,MATHCOUNTS,MATHCOUNTS,https://mathcounts.org/programs/mathcounts-competition-series,Mathematics,Mathematics,0.8421052631578947,need_review,Same URL but different names - possibly different programs
REVIEW_0,MATHCOUNTS School Competition,MATHCOUNTS National Competition,MATHCOUNTS,MATHCOUNTS,https://mathcounts.org/programs/mathcounts-competition-series,Mathematics,Mathematics,0.8333333333333334,need_review,Same URL but different names - possibly different programs
REVIEW_0,MATHCOUNTS Chapter Competition,MATHCOUNTS State Competition,MATHCOUNTS,MATHCOUNTS,https://mathcounts.org/programs/mathcounts-competition-series,Mathematics,Mathematics,0.896551724137931,need_review,Same URL but different names - possibly different programs
REVIEW_0,MATHCOUNTS Chapter Competition,MATHCOUNTS National Competition,MATHCOUNTS,MATHCOUNTS,https://mathcounts.org/programs/mathcounts-competition-series,Mathematics,Mathematics,0.819672131147541,need_review,Same URL but different names - possibly different programs
REVIEW_0,MATHCOUNTS State Competition,MATHCOUNTS National Competition,MATHCOUNTS,MATHCOUNTS,https://mathcounts.org/programs/mathcounts-competition-series,Mathematics,Mathematics,0.847457627118644,need_review,Same URL but different names - possibly different programs
REVIEW_0,MITES Summer,MITES Summer Plus,MIT MITES,MIT MITES,https://mites.mit.edu/,"Engineering, Science, Technology, Mathematics","Engineering, Science, Technology, Mathematics",0.8275862068965517,need_review,Same URL but different names - possibly different programs
REVIEW_0,Scholly - Aspiring Engineers Scholarship,Scholly - Sustainable Engineering Scholarship,Scholly,Scholly,https://myscholly.com/engineering-scholarships/,"Engineering, Mechanical Engineering, Electrical Engineering, Civil Engineering","Engineering, Environmental Engineering, Renewable Energy, Sustainability",0.8,need_review,Same URL but different names - possibly different programs
REVIEW_0,Scholly - Biomedical Science Scholarship,Scholly - Data Science Scholars,Scholly,Scholly,https://myscholly.com/stem-scholarships/,"Biomedical Science, Biology, Biochemistry, Pre-Medicine, Health Science","Data Science, Statistics, Analytics, Mathematics, Computer Science",0.8169014084507042,need_review,Same URL but different names - possibly different programs
REVIEW_0,Mystery Science - Mini-Lesson: Why Do Leaves Change Color?,Mystery Science - Mini-Lesson: How Do Chameleons Change Color?,Mystery Science,Mystery Science,https://mysteryscience.com/mini-lessons,"Life Science, Botany, Chemistry, Plant Science","Life Science, Biology, Zoology, Animal Adaptations",0.8833333333333333,need_review,Same URL but different names - possibly different programs
REVIEW_0,Mystery Science - Mini-Lesson: How Do Airplanes Fly?,Mystery Science - Mini-Lesson: How Do Chameleons Change Color?,Mystery Science,Mystery Science,https://mysteryscience.com/mini-lessons,"Physics, Aerodynamics, Engineering, Forces","Life Science, Biology, Zoology, Animal Adaptations",0.8070175438596491,need_review,Same URL but different names - possibly different programs
REVIEW_0,Mystery Science - 2nd Grade: Properties of Matter,Mystery Science - 5th Grade: Structure and Properties of Matter,Mystery Science,Mystery Science,https://mysteryscience.com/school/overview,"Chemistry, Matter, Physical Science, Properties","Chemistry, Matter, Physical Science, Molecular Science",0.8214285714285714,need_review,Same URL but different names - possibly different programs
REVIEW_0,Mystery Science - 3rd Grade: Forces and Interactions,Mystery Science - 3rd Grade: Traits and Inheritance,Mystery Science,Mystery Science,https://mysteryscience.com/school/overview,"Physics, Forces, Motion, Engineering","Life Science, Genetics, Biology, Heredity",0.8155339805825242,need_review,Same URL but different names - possibly different programs
REVIEW_0,Mystery Science - 3rd Grade: Forces and Interactions,Mystery Science - 4th Grade: Waves and Information,Mystery Science,Mystery Science,https://mysteryscience.com/school/overview,"Physics, Forces, Motion, Engineering","Physics, Waves, Communication Technology, Engineering",0.803921568627451,need_review,Same URL but different names - possibly different programs
REVIEW_0,Mystery Science - 4th Grade: Energy Transfer,Mystery Science - 4th Grade: Weathering and Erosion,Mystery Science,Mystery Science,https://mysteryscience.com/school/overview,"Physics, Energy, Engineering, Physical Science","Earth Science, Geology, Erosion, Environmental Science",0.8,need_review,Same URL but different names - possibly different programs
REVIEW_0,Mystery Science - 4th Grade: Waves and Information,Mystery Science - 4th Grade: Weathering and Erosion,Mystery Science,Mystery Science,https://mysteryscience.com/school/overview,"Physics, Waves, Communication Technology, Engineering","Earth Science, Geology, Erosion, Environmental Science",0.8118811881188119,need_review,Same URL but different names - possibly different programs
REVIEW_0,Mystery Science - 5th Grade: Earth's Systems,Mystery Science - 5th Grade: Space Systems,Mystery Science,Mystery Science,https://mysteryscience.com/school/overview,"Earth Science, Systems Thinking, Environmental Science, Geology","Astronomy, Space Science, Physics, Earth Science",0.8837209302325582,need_review,Same URL but different names - possibly different programs
REVIEW_0,Pioneer Academics - Mathematics and Number Theory,Pioneer Academics - Economics and Game Theory,Pioneer Academics,Pioneer Academics,https://pioneeracademics.com/subjects/,"Mathematics, Number Theory, Pure Math, Applied Math, Mathematical Modeling","Economics, Game Theory, Mathematics, Behavioral Economics, Quantitative Analysis",0.8085106382978723,need_review,Same URL but different names - possibly different programs
REVIEW_0,Stanford Pre-Collegiate Computer Science,Stanford Pre-Collegiate Biomedical Sciences,Stanford Pre-Collegiate Programs,Stanford Pre-Collegiate Programs,https://summerinstitutes.spcs.stanford.edu/,"Computer Science, Programming, Software Engineering","Biomedical Science, Biology, Medicine",0.8433734939759037,need_review,Same URL but different names - possibly different programs
REVIEW_0,Stanford Pre-Collegiate Computer Science,Stanford Pre-Collegiate Data Science,Stanford Pre-Collegiate Programs,Stanford Pre-Collegiate Programs,https://summerinstitutes.spcs.stanford.edu/,"Computer Science, Programming, Software Engineering","Data Science, Statistics, Computer Science",0.868421052631579,need_review,Same URL but different names - possibly different programs
REVIEW_0,Stanford Pre-Collegiate Computer Science,Stanford Pre-Collegiate Game Design,Stanford Pre-Collegiate Programs,Stanford Pre-Collegiate Programs,https://summerinstitutes.spcs.stanford.edu/,"Computer Science, Programming, Software Engineering","Computer Science, Game Development, Design",0.8,need_review,Same URL but different names - possibly different programs
REVIEW_0,Stanford Pre-Collegiate Computer Science,Stanford Pre-Collegiate Environmental Science,Stanford Pre-Collegiate Programs,Stanford Pre-Collegiate Programs,https://summerinstitutes.spcs.stanford.edu/,"Computer Science, Programming, Software Engineering","Environmental Science, Biology, Chemistry",0.8235294117647058,need_review,Same URL but different names - possibly different programs
REVIEW_0,Stanford Pre-Collegiate Computer Science,Stanford Pre-Collegiate Medical Sciences,Stanford Pre-Collegiate Programs,Stanford Pre-Collegiate Programs,https://summerinstitutes.spcs.stanford.edu/,"Computer Science, Programming, Software Engineering","Medicine, Health Sciences, Biology",0.825,need_review,Same URL but different names - possibly different programs
REVIEW_0,Stanford Pre-Collegiate Biomedical Sciences,Stanford Pre-Collegiate Data Science,Stanford Pre-Collegiate Programs,Stanford Pre-Collegiate Programs,https://summerinstitutes.spcs.stanford.edu/,"Biomedical Science, Biology, Medicine","Data Science, Statistics, Computer Science",0.8607594936708861,need_review,Same URL but different names - possibly different programs
REVIEW_0,Stanford Pre-Collegiate Biomedical Sciences,Stanford Pre-Collegiate Environmental Science,Stanford Pre-Collegiate Programs,Stanford Pre-Collegiate Programs,https://summerinstitutes.spcs.stanford.edu/,"Biomedical Science, Biology, Medicine","Environmental Science, Biology, Chemistry",0.8636363636363636,need_review,Same URL but different names - possibly different programs
REVIEW_0,Stanford Pre-Collegiate Physics,Stanford Pre-Collegiate Data Science,Stanford Pre-Collegiate Programs,Stanford Pre-Collegiate Programs,https://summerinstitutes.spcs.stanford.edu/,"Physics, Mathematics","Data Science, Statistics, Computer Science",0.8059701492537313,need_review,Same URL but different names - possibly different programs
REVIEW_0,Stanford Pre-Collegiate Physics,Stanford Pre-Collegiate Robotics,Stanford Pre-Collegiate Programs,Stanford Pre-Collegiate Programs,https://summerinstitutes.spcs.stanford.edu/,"Physics, Mathematics","Robotics, Engineering, Computer Science",0.8571428571428571,need_review,Same URL but different names - possibly different programs
REVIEW_0,Stanford Pre-Collegiate Physics,Stanford Pre-Collegiate Chemistry,Stanford Pre-Collegiate Programs,Stanford Pre-Collegiate Programs,https://summerinstitutes.spcs.stanford.edu/,"Physics, Mathematics","Chemistry, Science",0.8125,need_review,Same URL but different names - possibly different programs
REVIEW_0,Stanford Pre-Collegiate Data Science,Stanford Pre-Collegiate Environmental Science,Stanford Pre-Collegiate Programs,Stanford Pre-Collegiate Programs,https://summerinstitutes.spcs.stanford.edu/,"Data Science, Statistics, Computer Science","Environmental Science, Biology, Chemistry",0.8395061728395061,need_review,Same URL but different names - possibly different programs
REVIEW_0,Stanford Pre-Collegiate Data Science,Stanford Pre-Collegiate Medical Sciences,Stanford Pre-Collegiate Programs,Stanford Pre-Collegiate Programs,https://summerinstitutes.spcs.stanford.edu/,"Data Science, Statistics, Computer Science","Medicine, Health Sciences, Biology",0.8947368421052632,need_review,Same URL but different names - possibly different programs
REVIEW_0,Stanford Pre-Collegiate Environmental Science,Stanford Pre-Collegiate Medical Sciences,Stanford Pre-Collegiate Programs,Stanford Pre-Collegiate Programs,https://summerinstitutes.spcs.stanford.edu/,"Environmental Science, Biology, Chemistry","Medicine, Health Sciences, Biology",0.8470588235294118,need_review,Same URL but different names - possibly different programs
REVIEW_0,Summer Science Program (SSP) - Astrophysics at New Mexico Tech,Summer Science Program (SSP) - Astrophysics at Purdue University,Summer Science Program,Summer Science Program,https://summerscience.org/programs/,"Astrophysics, Astronomy, Physics, Computer Science, Orbital Mechanics","Astrophysics, Astronomy, Physics, Mathematics, Computer Programming",0.8095238095238095,need_review,Same URL but different names - possibly different programs
REVIEW_0,Summer Science Program (SSP) - Astrophysics at University of Colorado Boulder,Summer Science Program (SSP) - Astrophysics at Purdue University,Summer Science Program,Summer Science Program,https://summerscience.org/programs/,"Astrophysics, Astronomy, Physics, Computer Science, Data Analysis","Astrophysics, Astronomy, Physics, Mathematics, Computer Programming",0.8085106382978723,need_review,Same URL but different names - possibly different programs
REVIEW_0,Summer Science Program (SSP) - Astrophysics at Purdue University,Summer Science Program (SSP) - Biochemistry at Purdue University,Summer Science Program,Summer Science Program,https://summerscience.org/programs/,"Astrophysics, Astronomy, Physics, Mathematics, Computer Programming","Biochemistry, Molecular Biology, Genetics, Laboratory Science, Protein Chemistry",0.875,need_review,Same URL but different names - possibly different programs
REVIEW_0,Summer Science Program (SSP) - Astrophysics at Purdue University,Summer Science Program (SSP) - Genomics at Purdue University,Summer Science Program,Summer Science Program,https://summerscience.org/programs/,"Astrophysics, Astronomy, Physics, Mathematics, Computer Programming","Genomics, Bioinformatics, Genetics, Computational Biology, Data Science",0.9032258064516129,need_review,Same URL but different names - possibly different programs
REVIEW_0,Summer Science Program (SSP) - Biochemistry at Purdue University,Summer Science Program (SSP) - Biochemistry at Indiana University,Summer Science Program,Summer Science Program,https://summerscience.org/programs/,"Biochemistry, Molecular Biology, Genetics, Laboratory Science, Protein Chemistry","Biochemistry, Molecular Biology, Bioinformatics, Laboratory Techniques, Enzymology",0.9147286821705426,need_review,Same URL but different names - possibly different programs
REVIEW_0,Summer Science Program (SSP) - Biochemistry at Purdue University,Summer Science Program (SSP) - Genomics at Purdue University,Summer Science Program,Summer Science Program,https://summerscience.org/programs/,"Biochemistry, Molecular Biology, Genetics, Laboratory Science, Protein Chemistry","Genomics, Bioinformatics, Genetics, Computational Biology, Data Science",0.9032258064516129,need_review,Same URL but different names - possibly different programs
REVIEW_0,Summer Science Program (SSP) - Biochemistry at Indiana University,Summer Science Program (SSP) - Genomics at Purdue University,Summer Science Program,Summer Science Program,https://summerscience.org/programs/,"Biochemistry, Molecular Biology, Bioinformatics, Laboratory Techniques, Enzymology","Genomics, Bioinformatics, Genetics, Computational Biology, Data Science",0.816,need_review,Same URL but different names - possibly different programs
REVIEW_0,Celebrating Chemistry,Celebrating Chemistryin Print,American Chemical Society,American Chemical Society,https://www.acs.org/education/outreach/celebrating-chemistry-editions.html,"Chemistry, Chemical Engineering","Chemistry, Chemical Engineering",0.84,need_review,Same URL but different names - possibly different programs
REVIEW_0,National Chemistry Week,National Chemistry Week Editions,American Chemical Society,American Chemical Society,https://www.acs.org/education/outreach/celebrating-chemistry-editions.html,"Chemistry, Chemical Engineering","Chemistry, Chemical Engineering",0.8363636363636363,need_review,Same URL but different names - possibly different programs
REVIEW_0,Blue Ocean Competition - Team Track,Blue Ocean Competition - Individual Track,Blue Ocean Entrepreneurship Competition,Blue Ocean Entrepreneurship Competition,https://www.blueoceancompetition.com/high-school,"STEM Business, Innovation, Entrepreneurship, Team Collaboration","STEM Business, Innovation, Entrepreneurship, Independent Research",0.8421052631578947,need_review,Same URL but different names - possibly different programs
REVIEW_0,Botball Middle School Division,Botball High School Division,KIPR Botball,KIPR Botball,https://www.botball.org/,"Robotics, Engineering, Programming","Robotics, Engineering, Advanced Programming",0.8620689655172413,need_review,Same URL but different names - possibly different programs
REVIEW_0,BYJU'S Future School - App Development (Ages 9-12),BYJU'S Future School - Web Development (Ages 12-18),BYJU'S Future School,BYJU'S Future School,https://www.byjusfutureschool.com/,"Computer Science, App Development, Coding, UI/UX Design","Computer Science, Web Development, JavaScript, HTML/CSS",0.8910891089108911,need_review,Same URL but different names - possibly different programs
REVIEW_0,BYJU'S Future School - App Development (Ages 9-12),BYJU'S Future School - Game Development (Ages 9-16),BYJU'S Future School,BYJU'S Future School,https://www.byjusfutureschool.com/,"Computer Science, App Development, Coding, UI/UX Design","Computer Science, Game Development, Unity, Programming",0.9306930693069307,need_review,Same URL but different names - possibly different programs
REVIEW_0,BYJU'S Future School - Web Development (Ages 12-18),BYJU'S Future School - Game Development (Ages 9-16),BYJU'S Future School,BYJU'S Future School,https://www.byjusfutureschool.com/,"Computer Science, Web Development, JavaScript, HTML/CSS","Computer Science, Game Development, Unity, Programming",0.9019607843137255,need_review,Same URL but different names - possibly different programs
REVIEW_0,AI Scholars,CS Scholars,Carnegie Mellon Pre-College,Carnegie Mellon Pre-College,https://www.cmu.edu/pre-college/,"Artificial Intelligence, Computer Science, Machine Learning","Computer Science, Programming, Software Engineering",0.8181818181818182,need_review,Same URL but different names - possibly different programs
REVIEW_0,Code Ninjas Summer Camp - Roblox,Code Ninjas Summer Camp - Minecraft,Code Ninjas,Code Ninjas,https://www.codeninjas.com/camps,"Computer Science, Game Design, Lua Programming","Computer Science, Programming, Game Design",0.8059701492537313,need_review,Same URL but different names - possibly different programs
REVIEW_0,Code Ninjas Summer Camp - Roblox,Code Ninjas Summer Camp - Robotics,Code Ninjas,Code Ninjas,https://www.codeninjas.com/camps,"Computer Science, Game Design, Lua Programming","Robotics, Engineering, Programming",0.9090909090909091,need_review,Same URL but different names - possibly different programs
REVIEW_0,Code Ninjas Summer Camp - Minecraft,Code Ninjas Summer Camp - Robotics,Code Ninjas,Code Ninjas,https://www.codeninjas.com/camps,"Computer Science, Programming, Game Design","Robotics, Engineering, Programming",0.8115942028985508,need_review,Same URL but different names - possibly different programs
REVIEW_0,Code Ninjas Core Program - White Belt Level,Code Ninjas Core Program - Black Belt Level,Code Ninjas,Code Ninjas,https://www.codeninjas.com/programs,"Computer Science, Programming, Game Design","Computer Science, Game Development, Programming",0.8837209302325582,need_review,Same URL but different names - possibly different programs
REVIEW_0,Coding Rooms - AP Computer Science A Prep,Coding Rooms - AP Computer Science Principles,Coding Rooms,Coding Rooms,https://www.codingrooms.com/curriculum,"Computer Science, Programming, Java, AP Test Prep","Computer Science, Programming, Computational Thinking, AP Test Prep",0.8837209302325582,need_review,Same URL but different names - possibly different programs
REVIEW_0,Coolmath.com - Pre-Algebra Lessons,Coolmath.com - Algebra Lessons,Coolmath Games,Coolmath Games,https://www.coolmath.com/,"Algebra, Mathematics, Pre-Algebra","Algebra, Mathematics, Equations",0.9375,need_review,Same URL but different names - possibly different programs
REVIEW_0,Coolmath.com - Algebra Lessons,Coolmath.com - Calculus Lessons,Coolmath Games,Coolmath Games,https://www.coolmath.com/,"Algebra, Mathematics, Equations","Calculus, Mathematics, Advanced Math",0.819672131147541,need_review,Same URL but different names - possibly different programs
REVIEW_0,Coolmath Games - Skill and Timing Games,Coolmath Games - Physics and Engineering Games,Coolmath Games,Coolmath Games,https://www.coolmathgames.com/,"Mathematics, Physics, Spatial Reasoning, Estimation","Physics, Engineering, Mathematics, Problem Solving",0.8,need_review,Same URL but different names - possibly different programs
REVIEW_0,Coolmath Games - Skill and Timing Games,Coolmath Games - Maze and Pathfinding Games,Coolmath Games,Coolmath Games,https://www.coolmathgames.com/,"Mathematics, Physics, Spatial Reasoning, Estimation","Mathematics, Logic, Algorithms, Computer Science",0.8048780487804879,need_review,Same URL but different names - possibly different programs
REVIEW_0,Coolmath Games - Number and Math Games,Coolmath Games - Geometry and Spatial Games,Coolmath Games,Coolmath Games,https://www.coolmathgames.com/,"Mathematics, Arithmetic, Number Theory, Algebra","Geometry, Spatial Reasoning, Mathematics, Visual Math",0.8148148148148148,need_review,Same URL but different names - possibly different programs
REVIEW_0,Coolmath Games - Number and Math Games,Coolmath Games - Maze and Pathfinding Games,Coolmath Games,Coolmath Games,https://www.coolmathgames.com/,"Mathematics, Arithmetic, Number Theory, Algebra","Mathematics, Logic, Algorithms, Computer Science",0.8148148148148148,need_review,Same URL but different names - possibly different programs
REVIEW_0,CMU Robotics Academy - EV3 Intro to Programming,CMU Robotics Academy - EV3 Advanced Programming,Carnegie Mellon Robotics Academy,Carnegie Mellon Robotics Academy,https://www.cs2n.org/curriculum,"Robotics, Computer Science, Engineering, Programming","Robotics, Computer Science, Advanced Programming, Algorithms",0.851063829787234,need_review,Same URL but different names - possibly different programs
REVIEW_0,CMU Robotics Academy - Arduino Robotics,CMU Robotics Academy - Python for Robotics,Carnegie Mellon Robotics Academy,Carnegie Mellon Robotics Academy,https://www.cs2n.org/curriculum,"Robotics, Electronics, Arduino, Programming, Engineering","Computer Science, Python, Robotics, Programming",0.8148148148148148,need_review,Same URL but different names - possibly different programs
REVIEW_0,CyberStart America - Assess Phase,CyberStart America - Game Phase,CyberStart America,CyberStart America,https://www.cyberstartamerica.org/students/,"Cybersecurity, Computer Science, Information Security","Cybersecurity, Ethical Hacking, Network Security",0.90625,need_review,Same URL but different names - possibly different programs
REVIEW_0,CyberStart America - Elite Competition,CyberStart America - Girls Competition Track,CyberStart America,CyberStart America,https://www.cyberstartamerica.org/students/,"Cybersecurity, Penetration Testing, Digital Forensics","Cybersecurity, Computer Science",0.8292682926829268,need_review,Same URL but different names - possibly different programs
REVIEW_0,"Davidson Fellows Scholarship - $25,000","Davidson Fellows Scholarship - $10,000",Davidson Institute,Davidson Institute,https://www.davidsongifted.org/gifted-programs/fellows-scholarship/,"Science, Technology, Engineering, Mathematics","Science, Technology, Engineering, Mathematics",0.9473684210526315,need_review,Same URL but different names - possibly different programs
REVIEW_0,Davidson Fellows - Science Category,Davidson Fellows - Technology Category,Davidson Institute,Davidson Institute,https://www.davidsongifted.org/gifted-programs/fellows-scholarship/,"Science, Biology, Chemistry, Physics","Technology, Computer Science, Software Engineering",0.821917808219178,need_review,Same URL but different names - possibly different programs
REVIEW_0,Davidson Fellows - Technology Category,Davidson Fellows - Mathematics Category,Davidson Institute,Davidson Institute,https://www.davidsongifted.org/gifted-programs/fellows-scholarship/,"Technology, Computer Science, Software Engineering",Mathematics,0.8051948051948052,need_review,Same URL but different names - possibly different programs
REVIEW_0,Destination Imagination Technical Challenge,Destination Imagination Scientific Challenge,Destination Imagination,Destination Imagination,https://www.destinationimagination.org/challenge-programs/,"STEAM (Science, Technology, Engineering, Arts, Mathematics)","STEAM (Science, Technology, Engineering, Arts, Mathematics)",0.8505747126436781,need_review,Same URL but different names - possibly different programs
REVIEW_0,Destination Imagination Technical Challenge,Destination Imagination Engineering Challenge,Destination Imagination,Destination Imagination,https://www.destinationimagination.org/challenge-programs/,"STEAM (Science, Technology, Engineering, Arts, Mathematics)","STEAM (Science, Technology, Engineering, Arts, Mathematics)",0.8409090909090909,need_review,Same URL but different names - possibly different programs
REVIEW_0,Destination Imagination Technical Challenge,Destination Imagination Fine Arts Challenge,Destination Imagination,Destination Imagination,https://www.destinationimagination.org/challenge-programs/,"STEAM (Science, Technology, Engineering, Arts, Mathematics)","STEAM (Science, Technology, Engineering, Arts, Mathematics)",0.813953488372093,need_review,Same URL but different names - possibly different programs
REVIEW_0,Destination Imagination Technical Challenge,Destination Imagination Improvisational Challenge,Destination Imagination,Destination Imagination,https://www.destinationimagination.org/challenge-programs/,"STEAM (Science, Technology, Engineering, Arts, Mathematics)","STEAM (Science, Technology, Engineering, Arts, Mathematics)",0.8260869565217391,need_review,Same URL but different names - possibly different programs
REVIEW_0,Destination Imagination Technical Challenge,Destination Imagination Early Learning Challenge,Destination Imagination,Destination Imagination,https://www.destinationimagination.org/challenge-programs/,"STEAM (Science, Technology, Engineering, Arts, Mathematics)","STEAM (Science, Technology, Engineering, Arts, Mathematics)",0.8131868131868132,need_review,Same URL but different names - possibly different programs
REVIEW_0,Destination Imagination Technical Challenge,Destination Imagination Rising Stars Challenge,Destination Imagination,Destination Imagination,https://www.destinationimagination.org/challenge-programs/,"STEAM (Science, Technology, Engineering, Arts, Mathematics)","STEAM (Science, Technology, Engineering, Arts, Mathematics)",0.8089887640449438,need_review,Same URL but different names - possibly different programs
REVIEW_0,Destination Imagination Scientific Challenge,Destination Imagination Engineering Challenge,Destination Imagination,Destination Imagination,https://www.destinationimagination.org/challenge-programs/,"STEAM (Science, Technology, Engineering, Arts, Mathematics)","STEAM (Science, Technology, Engineering, Arts, Mathematics)",0.8539325842696629,need_review,Same URL but different names - possibly different programs
REVIEW_0,Destination Imagination Scientific Challenge,Destination Imagination Fine Arts Challenge,Destination Imagination,Destination Imagination,https://www.destinationimagination.org/challenge-programs/,"STEAM (Science, Technology, Engineering, Arts, Mathematics)","STEAM (Science, Technology, Engineering, Arts, Mathematics)",0.8275862068965517,need_review,Same URL but different names - possibly different programs
REVIEW_0,Destination Imagination Scientific Challenge,Destination Imagination Rising Stars Challenge,Destination Imagination,Destination Imagination,https://www.destinationimagination.org/challenge-programs/,"STEAM (Science, Technology, Engineering, Arts, Mathematics)","STEAM (Science, Technology, Engineering, Arts, Mathematics)",0.8444444444444444,need_review,Same URL but different names - possibly different programs
REVIEW_0,Destination Imagination Engineering Challenge,Destination Imagination Fine Arts Challenge,Destination Imagination,Destination Imagination,https://www.destinationimagination.org/challenge-programs/,"STEAM (Science, Technology, Engineering, Arts, Mathematics)","STEAM (Science, Technology, Engineering, Arts, Mathematics)",0.8636363636363636,need_review,Same URL but different names - possibly different programs
REVIEW_0,Destination Imagination Engineering Challenge,Destination Imagination Early Learning Challenge,Destination Imagination,Destination Imagination,https://www.destinationimagination.org/challenge-programs/,"STEAM (Science, Technology, Engineering, Arts, Mathematics)","STEAM (Science, Technology, Engineering, Arts, Mathematics)",0.8387096774193549,need_review,Same URL but different names - possibly different programs
REVIEW_0,Destination Imagination Engineering Challenge,Destination Imagination Rising Stars Challenge,Destination Imagination,Destination Imagination,https://www.destinationimagination.org/challenge-programs/,"STEAM (Science, Technology, Engineering, Arts, Mathematics)","STEAM (Science, Technology, Engineering, Arts, Mathematics)",0.8351648351648352,need_review,Same URL but different names - possibly different programs
REVIEW_0,Destination Imagination Fine Arts Challenge,Destination Imagination Improvisational Challenge,Destination Imagination,Destination Imagination,https://www.destinationimagination.org/challenge-programs/,"STEAM (Science, Technology, Engineering, Arts, Mathematics)","STEAM (Science, Technology, Engineering, Arts, Mathematics)",0.8043478260869565,need_review,Same URL but different names - possibly different programs
REVIEW_0,Destination Imagination Fine Arts Challenge,Destination Imagination Rising Stars Challenge,Destination Imagination,Destination Imagination,https://www.destinationimagination.org/challenge-programs/,"STEAM (Science, Technology, Engineering, Arts, Mathematics)","STEAM (Science, Technology, Engineering, Arts, Mathematics)",0.898876404494382,need_review,Same URL but different names - possibly different programs
REVIEW_0,Destination Imagination Fine Arts Challenge,Destination Imagination Instant Challenge Workshops,Destination Imagination,Destination Imagination,https://www.destinationimagination.org/challenge-programs/,"STEAM (Science, Technology, Engineering, Arts, Mathematics)","STEAM (Science, Technology, Engineering, Arts, Mathematics), Critical Thinking",0.8085106382978723,need_review,Same URL but different names - possibly different programs
REVIEW_0,Destination Imagination Improvisational Challenge,Destination Imagination Rising Stars Challenge,Destination Imagination,Destination Imagination,https://www.destinationimagination.org/challenge-programs/,"STEAM (Science, Technology, Engineering, Arts, Mathematics)","STEAM (Science, Technology, Engineering, Arts, Mathematics)",0.8,need_review,Same URL but different names - possibly different programs
REVIEW_0,Destination Imagination Early Learning Challenge,Destination Imagination Rising Stars Challenge,Destination Imagination,Destination Imagination,https://www.destinationimagination.org/challenge-programs/,"STEAM (Science, Technology, Engineering, Arts, Mathematics)","STEAM (Science, Technology, Engineering, Arts, Mathematics)",0.8085106382978723,need_review,Same URL but different names - possibly different programs
REVIEW_0,Destination Imagination Rising Stars Challenge,Destination Imagination Instant Challenge Workshops,Destination Imagination,Destination Imagination,https://www.destinationimagination.org/challenge-programs/,"STEAM (Science, Technology, Engineering, Arts, Mathematics)","STEAM (Science, Technology, Engineering, Arts, Mathematics), Critical Thinking",0.8041237113402062,need_review,Same URL but different names - possibly different programs
REVIEW_0,DMA VR/AR Development Camp,DMA Web Development Camp,Digital Media Academy,Digital Media Academy,https://www.digitalmediaacademy.org/summer-camps,"Virtual Reality, Computer Science, Game Design","Web Development, Computer Science, Programming",0.84,need_review,Same URL but different names - possibly different programs
REVIEW_0,DMA Intro to Engineering,DMA Arduino Engineering,Digital Media Academy,Digital Media Academy,https://www.digitalmediaacademy.org/summer-camps,"Engineering, Physics, Design","Engineering, Robotics, Programming",0.8085106382978723,need_review,Same URL but different names - possibly different programs
REVIEW_0,Future City Competition,Future City Regional Competitions,DiscoverE,DiscoverE,https://www.discovere.org/our-programs/future-city,"Engineering, Urban Planning, Design","Engineering, Public Speaking, Design",0.8214285714285714,need_review,Same URL but different names - possibly different programs
REVIEW_0,Engineering For Kids - Full-Day Summer Camp,Engineering For Kids - Half-Day Summer Camp,Engineering For Kids,Engineering For Kids,https://www.engineeringforkids.com/camps/,"Engineering, Robotics, Science, Technology","Engineering, Robotics, Science",0.9302325581395349,need_review,Same URL but different names - possibly different programs
REVIEW_0,Engineering For Kids - Preschool STEM,Engineering For Kids - Homeschool Programs,Engineering For Kids,Engineering For Kids,https://www.engineeringforkids.com/programs/,"Engineering, Science, Technology","Engineering, Science, Technology",0.810126582278481,need_review,Same URL but different names - possibly different programs
REVIEW_0,ExploraVision Primary Division (K-3),ExploraVision Upper Elementary Division (4-6),Toshiba/NSTA ExploraVision,Toshiba/NSTA ExploraVision,https://www.exploravision.org/,"Technology, Future Science, Innovation, Research","Technology, Future Science, Innovation, Research",0.8148148148148148,need_review,Same URL but different names - possibly different programs
REVIEW_0,ExploraVision Middle School Division (7-9),ExploraVision High School Division (10-12),Toshiba/NSTA ExploraVision,Toshiba/NSTA ExploraVision,https://www.exploravision.org/,"Technology, Future Science, Innovation, Research, Engineering","Technology, Future Science, Innovation, Research, Engineering",0.8333333333333334,need_review,Same URL but different names - possibly different programs
REVIEW_0,FIRST Tech Challenge - Super Regional Championships,FIRST Tech Challenge - World Championship,FIRST Robotics,FIRST Robotics,https://www.firstinspires.org/robotics/ftc,"Engineering, Programming, Design","Engineering, Programming, Design",0.8260869565217391,need_review,Same URL but different names - possibly different programs
REVIEW_0,FIRST LEGO League Challenge - Robot Game,FIRST LEGO League Challenge - Robot Design,FIRST LEGO League,FIRST LEGO League,https://www.firstlegoleague.org/challenge,"Robotics, Programming, Engineering, Mathematics, Physics","Engineering, Robotics, Design, Documentation",0.9024390243902439,need_review,Same URL but different names - possibly different programs
REVIEW_0,iD Tech Roblox Game Development,iD Tech Mobile App Development,iD Tech,iD Tech,https://www.idtech.com/summer-camps,"Game Design, Programming, Computer Science","Computer Science, Mobile Development, Programming",0.819672131147541,need_review,Same URL but different names - possibly different programs
REVIEW_0,iD Tech VR/AR Development Camp,iD Tech Web Development Camp,iD Tech,iD Tech,https://www.idtech.com/summer-camps,"Virtual Reality, Computer Science, Game Design","Web Development, Computer Science, Programming",0.8620689655172413,need_review,Same URL but different names - possibly different programs
REVIEW_0,iD Tech Video Production & Editing,iD Tech Music Production & DJing,iD Tech,iD Tech,https://www.idtech.com/summer-camps,"Media Production, Technology, Design","Music Technology, Digital Media, Design",0.8181818181818182,need_review,Same URL but different names - possibly different programs
REVIEW_0,iD Tech Drone Programming,iD Tech Scratch Programming,iD Tech,iD Tech,https://www.idtech.com/summer-camps,"Robotics, Programming, Engineering","Computer Science, Programming, Game Design",0.8076923076923077,need_review,Same URL but different names - possibly different programs
REVIEW_0,iD Tech Intro to Engineering,iD Tech Arduino Engineering,iD Tech,iD Tech,https://www.idtech.com/summer-camps,"Engineering, Physics, Design","Engineering, Robotics, Programming",0.8363636363636363,need_review,Same URL but different names - possibly different programs
REVIEW_0,Khan Academy Pre-Algebra,Khan Academy Algebra 1,Khan Academy,Khan Academy,https://www.khanacademy.org/math,Mathematics,Mathematics,0.8695652173913043,need_review,Same URL but different names - possibly different programs
REVIEW_0,Khan Academy Pre-Algebra,Khan Academy Algebra 2,Khan Academy,Khan Academy,https://www.khanacademy.org/math,Mathematics,Mathematics,0.8695652173913043,need_review,Same URL but different names - possibly different programs
REVIEW_0,Khan Academy Geometry,Khan Academy Trigonometry,Khan Academy,Khan Academy,https://www.khanacademy.org/math,Mathematics,Mathematics,0.8695652173913043,need_review,Same URL but different names - possibly different programs
REVIEW_0,Khan Academy Precalculus,Khan Academy AP Calculus AB,Khan Academy,Khan Academy,https://www.khanacademy.org/math,Mathematics,Mathematics,0.8627450980392157,need_review,Same URL but different names - possibly different programs
REVIEW_0,Khan Academy Precalculus,Khan Academy AP Calculus BC,Khan Academy,Khan Academy,https://www.khanacademy.org/math,Mathematics,Mathematics,0.8627450980392157,need_review,Same URL but different names - possibly different programs
REVIEW_0,Kode With Klossy Virtual Web Development Camp,Kode With Klossy Virtual Mobile App Development Camp,Kode With Klossy,Kode With Klossy,https://www.kodewithklossy.com/programs,"Computer Science, Web Development, HTML, CSS, JavaScript","Computer Science, Mobile Development, Swift, iOS Development",0.8865979381443299,need_review,Same URL but different names - possibly different programs
REVIEW_0,Kode With Klossy New York City In-Person Coding Camp,Kode With Klossy Los Angeles In-Person Coding Camp,Kode With Klossy,Kode With Klossy,https://www.kodewithklossy.com/programs,"Computer Science, Web Development, Mobile Development, Swift, JavaScript","Computer Science, Web Development, Mobile Development, Swift, JavaScript",0.803921568627451,need_review,Same URL but different names - possibly different programs
REVIEW_0,Kode With Klossy New York City In-Person Coding Camp,Kode With Klossy Chicago In-Person Coding Camp,Kode With Klossy,Kode With Klossy,https://www.kodewithklossy.com/programs,"Computer Science, Web Development, Mobile Development, Swift, JavaScript","Computer Science, Web Development, Mobile Development, Swift, JavaScript",0.8163265306122449,need_review,Same URL but different names - possibly different programs
REVIEW_0,Kode With Klossy New York City In-Person Coding Camp,Kode With Klossy San Francisco In-Person Coding Camp,Kode With Klossy,Kode With Klossy,https://www.kodewithklossy.com/programs,"Computer Science, Web Development, Mobile Development, Swift, JavaScript","Computer Science, Web Development, Mobile Development, Swift, JavaScript",0.8461538461538461,need_review,Same URL but different names - possibly different programs
REVIEW_0,Kode With Klossy New York City In-Person Coding Camp,Kode With Klossy Austin In-Person Coding Camp,Kode With Klossy,Kode With Klossy,https://www.kodewithklossy.com/programs,"Computer Science, Web Development, Mobile Development, Swift, JavaScript","Computer Science, Web Development, Mobile Development, Swift, JavaScript",0.8247422680412371,need_review,Same URL but different names - possibly different programs
REVIEW_0,Kode With Klossy New York City In-Person Coding Camp,Kode With Klossy Miami In-Person Coding Camp,Kode With Klossy,Kode With Klossy,https://www.kodewithklossy.com/programs,"Computer Science, Web Development, Mobile Development, Swift, JavaScript","Computer Science, Web Development, Mobile Development, Swift, JavaScript",0.8333333333333334,need_review,Same URL but different names - possibly different programs
REVIEW_0,Kode With Klossy New York City In-Person Coding Camp,Kode With Klossy Seattle In-Person Coding Camp,Kode With Klossy,Kode With Klossy,https://www.kodewithklossy.com/programs,"Computer Science, Web Development, Mobile Development, Swift, JavaScript","Computer Science, Web Development, Mobile Development, Swift, JavaScript",0.8367346938775511,need_review,Same URL but different names - possibly different programs
REVIEW_0,Kode With Klossy New York City In-Person Coding Camp,Kode With Klossy Boston In-Person Coding Camp,Kode With Klossy,Kode With Klossy,https://www.kodewithklossy.com/programs,"Computer Science, Web Development, Mobile Development, Swift, JavaScript","Computer Science, Web Development, Mobile Development, Swift, JavaScript",0.8247422680412371,need_review,Same URL but different names - possibly different programs
REVIEW_0,Kode With Klossy New York City In-Person Coding Camp,Kode With Klossy Atlanta In-Person Coding Camp,Kode With Klossy,Kode With Klossy,https://www.kodewithklossy.com/programs,"Computer Science, Web Development, Mobile Development, Swift, JavaScript","Computer Science, Web Development, Mobile Development, Swift, JavaScript",0.8367346938775511,need_review,Same URL but different names - possibly different programs
REVIEW_0,Kode With Klossy New York City In-Person Coding Camp,Kode With Klossy Denver In-Person Coding Camp,Kode With Klossy,Kode With Klossy,https://www.kodewithklossy.com/programs,"Computer Science, Web Development, Mobile Development, Swift, JavaScript","Computer Science, Web Development, Mobile Development, Swift, JavaScript",0.865979381443299,need_review,Same URL but different names - possibly different programs
REVIEW_0,Kode With Klossy Los Angeles In-Person Coding Camp,Kode With Klossy Chicago In-Person Coding Camp,Kode With Klossy,Kode With Klossy,https://www.kodewithklossy.com/programs,"Computer Science, Web Development, Mobile Development, Swift, JavaScript","Computer Science, Web Development, Mobile Development, Swift, JavaScript",0.8333333333333334,need_review,Same URL but different names - possibly different programs
REVIEW_0,Kode With Klossy Los Angeles In-Person Coding Camp,Kode With Klossy San Francisco In-Person Coding Camp,Kode With Klossy,Kode With Klossy,https://www.kodewithklossy.com/programs,"Computer Science, Web Development, Mobile Development, Swift, JavaScript","Computer Science, Web Development, Mobile Development, Swift, JavaScript",0.8431372549019608,need_review,Same URL but different names - possibly different programs
REVIEW_0,Kode With Klossy Los Angeles In-Person Coding Camp,Kode With Klossy Austin In-Person Coding Camp,Kode With Klossy,Kode With Klossy,https://www.kodewithklossy.com/programs,"Computer Science, Web Development, Mobile Development, Swift, JavaScript","Computer Science, Web Development, Mobile Development, Swift, JavaScript",0.8631578947368421,need_review,Same URL but different names - possibly different programs
REVIEW_0,Kode With Klossy Los Angeles In-Person Coding Camp,Kode With Klossy Miami In-Person Coding Camp,Kode With Klossy,Kode With Klossy,https://www.kodewithklossy.com/programs,"Computer Science, Web Development, Mobile Development, Swift, JavaScript","Computer Science, Web Development, Mobile Development, Swift, JavaScript",0.851063829787234,need_review,Same URL but different names - possibly different programs
REVIEW_0,Kode With Klossy Los Angeles In-Person Coding Camp,Kode With Klossy Seattle In-Person Coding Camp,Kode With Klossy,Kode With Klossy,https://www.kodewithklossy.com/programs,"Computer Science, Web Development, Mobile Development, Swift, JavaScript","Computer Science, Web Development, Mobile Development, Swift, JavaScript",0.8958333333333334,need_review,Same URL but different names - possibly different programs
REVIEW_0,Kode With Klossy Los Angeles In-Person Coding Camp,Kode With Klossy Boston In-Person Coding Camp,Kode With Klossy,Kode With Klossy,https://www.kodewithklossy.com/programs,"Computer Science, Web Development, Mobile Development, Swift, JavaScript","Computer Science, Web Development, Mobile Development, Swift, JavaScript",0.8842105263157894,need_review,Same URL but different names - possibly different programs
REVIEW_0,Kode With Klossy Los Angeles In-Person Coding Camp,Kode With Klossy Atlanta In-Person Coding Camp,Kode With Klossy,Kode With Klossy,https://www.kodewithklossy.com/programs,"Computer Science, Web Development, Mobile Development, Swift, JavaScript","Computer Science, Web Development, Mobile Development, Swift, JavaScript",0.875,need_review,Same URL but different names - possibly different programs
REVIEW_0,Kode With Klossy Los Angeles In-Person Coding Camp,Kode With Klossy Denver In-Person Coding Camp,Kode With Klossy,Kode With Klossy,https://www.kodewithklossy.com/programs,"Computer Science, Web Development, Mobile Development, Swift, JavaScript","Computer Science, Web Development, Mobile Development, Swift, JavaScript",0.8631578947368421,need_review,Same URL but different names - possibly different programs
REVIEW_0,Kode With Klossy Chicago In-Person Coding Camp,Kode With Klossy San Francisco In-Person Coding Camp,Kode With Klossy,Kode With Klossy,https://www.kodewithklossy.com/programs,"Computer Science, Web Development, Mobile Development, Swift, JavaScript","Computer Science, Web Development, Mobile Development, Swift, JavaScript",0.8775510204081632,need_review,Same URL but different names - possibly different programs
REVIEW_0,Kode With Klossy Chicago In-Person Coding Camp,Kode With Klossy Austin In-Person Coding Camp,Kode With Klossy,Kode With Klossy,https://www.kodewithklossy.com/programs,"Computer Science, Web Development, Mobile Development, Swift, JavaScript","Computer Science, Web Development, Mobile Development, Swift, JavaScript",0.8791208791208791,need_review,Same URL but different names - possibly different programs
REVIEW_0,Kode With Klossy Chicago In-Person Coding Camp,Kode With Klossy Miami In-Person Coding Camp,Kode With Klossy,Kode With Klossy,https://www.kodewithklossy.com/programs,"Computer Science, Web Development, Mobile Development, Swift, JavaScript","Computer Science, Web Development, Mobile Development, Swift, JavaScript",0.9111111111111111,need_review,Same URL but different names - possibly different programs
REVIEW_0,Kode With Klossy Chicago In-Person Coding Camp,Kode With Klossy Seattle In-Person Coding Camp,Kode With Klossy,Kode With Klossy,https://www.kodewithklossy.com/programs,"Computer Science, Web Development, Mobile Development, Swift, JavaScript","Computer Science, Web Development, Mobile Development, Swift, JavaScript",0.8695652173913043,need_review,Same URL but different names - possibly different programs
REVIEW_0,Kode With Klossy Chicago In-Person Coding Camp,Kode With Klossy Boston In-Person Coding Camp,Kode With Klossy,Kode With Klossy,https://www.kodewithklossy.com/programs,"Computer Science, Web Development, Mobile Development, Swift, JavaScript","Computer Science, Web Development, Mobile Development, Swift, JavaScript",0.8791208791208791,need_review,Same URL but different names - possibly different programs
REVIEW_0,Kode With Klossy Chicago In-Person Coding Camp,Kode With Klossy Atlanta In-Person Coding Camp,Kode With Klossy,Kode With Klossy,https://www.kodewithklossy.com/programs,"Computer Science, Web Development, Mobile Development, Swift, JavaScript","Computer Science, Web Development, Mobile Development, Swift, JavaScript",0.8695652173913043,need_review,Same URL but different names - possibly different programs
REVIEW_0,Kode With Klossy Chicago In-Person Coding Camp,Kode With Klossy Denver In-Person Coding Camp,Kode With Klossy,Kode With Klossy,https://www.kodewithklossy.com/programs,"Computer Science, Web Development, Mobile Development, Swift, JavaScript","Computer Science, Web Development, Mobile Development, Swift, JavaScript",0.8571428571428571,need_review,Same URL but different names - possibly different programs
REVIEW_0,Kode With Klossy San Francisco In-Person Coding Camp,Kode With Klossy Austin In-Person Coding Camp,Kode With Klossy,Kode With Klossy,https://www.kodewithklossy.com/programs,"Computer Science, Web Development, Mobile Development, Swift, JavaScript","Computer Science, Web Development, Mobile Development, Swift, JavaScript",0.845360824742268,need_review,Same URL but different names - possibly different programs
REVIEW_0,Kode With Klossy San Francisco In-Person Coding Camp,Kode With Klossy Miami In-Person Coding Camp,Kode With Klossy,Kode With Klossy,https://www.kodewithklossy.com/programs,"Computer Science, Web Development, Mobile Development, Swift, JavaScript","Computer Science, Web Development, Mobile Development, Swift, JavaScript",0.8541666666666666,need_review,Same URL but different names - possibly different programs
REVIEW_0,Kode With Klossy San Francisco In-Person Coding Camp,Kode With Klossy Seattle In-Person Coding Camp,Kode With Klossy,Kode With Klossy,https://www.kodewithklossy.com/programs,"Computer Science, Web Development, Mobile Development, Swift, JavaScript","Computer Science, Web Development, Mobile Development, Swift, JavaScript",0.8367346938775511,need_review,Same URL but different names - possibly different programs
REVIEW_0,Kode With Klossy San Francisco In-Person Coding Camp,Kode With Klossy Boston In-Person Coding Camp,Kode With Klossy,Kode With Klossy,https://www.kodewithklossy.com/programs,"Computer Science, Web Development, Mobile Development, Swift, JavaScript","Computer Science, Web Development, Mobile Development, Swift, JavaScript",0.845360824742268,need_review,Same URL but different names - possibly different programs
REVIEW_0,Kode With Klossy San Francisco In-Person Coding Camp,Kode With Klossy Atlanta In-Person Coding Camp,Kode With Klossy,Kode With Klossy,https://www.kodewithklossy.com/programs,"Computer Science, Web Development, Mobile Development, Swift, JavaScript","Computer Science, Web Development, Mobile Development, Swift, JavaScript",0.8571428571428571,need_review,Same URL but different names - possibly different programs
REVIEW_0,Kode With Klossy San Francisco In-Person Coding Camp,Kode With Klossy Denver In-Person Coding Camp,Kode With Klossy,Kode With Klossy,https://www.kodewithklossy.com/programs,"Computer Science, Web Development, Mobile Development, Swift, JavaScript","Computer Science, Web Development, Mobile Development, Swift, JavaScript",0.845360824742268,need_review,Same URL but different names - possibly different programs
REVIEW_0,Kode With Klossy Austin In-Person Coding Camp,Kode With Klossy Miami In-Person Coding Camp,Kode With Klossy,Kode With Klossy,https://www.kodewithklossy.com/programs,"Computer Science, Web Development, Mobile Development, Swift, JavaScript","Computer Science, Web Development, Mobile Development, Swift, JavaScript",0.9213483146067416,need_review,Same URL but different names - possibly different programs
REVIEW_0,Kode With Klossy Austin In-Person Coding Camp,Kode With Klossy Seattle In-Person Coding Camp,Kode With Klossy,Kode With Klossy,https://www.kodewithklossy.com/programs,"Computer Science, Web Development, Mobile Development, Swift, JavaScript","Computer Science, Web Development, Mobile Development, Swift, JavaScript",0.9010989010989011,need_review,Same URL but different names - possibly different programs
REVIEW_0,Kode With Klossy Austin In-Person Coding Camp,Kode With Klossy Boston In-Person Coding Camp,Kode With Klossy,Kode With Klossy,https://www.kodewithklossy.com/programs,"Computer Science, Web Development, Mobile Development, Swift, JavaScript","Computer Science, Web Development, Mobile Development, Swift, JavaScript",0.9333333333333333,need_review,Same URL but different names - possibly different programs
REVIEW_0,Kode With Klossy Austin In-Person Coding Camp,Kode With Klossy Atlanta In-Person Coding Camp,Kode With Klossy,Kode With Klossy,https://www.kodewithklossy.com/programs,"Computer Science, Web Development, Mobile Development, Swift, JavaScript","Computer Science, Web Development, Mobile Development, Swift, JavaScript",0.9230769230769231,need_review,Same URL but different names - possibly different programs
REVIEW_0,Kode With Klossy Austin In-Person Coding Camp,Kode With Klossy Denver In-Person Coding Camp,Kode With Klossy,Kode With Klossy,https://www.kodewithklossy.com/programs,"Computer Science, Web Development, Mobile Development, Swift, JavaScript","Computer Science, Web Development, Mobile Development, Swift, JavaScript",0.8888888888888888,need_review,Same URL but different names - possibly different programs
REVIEW_0,Kode With Klossy Miami In-Person Coding Camp,Kode With Klossy Seattle In-Person Coding Camp,Kode With Klossy,Kode With Klossy,https://www.kodewithklossy.com/programs,"Computer Science, Web Development, Mobile Development, Swift, JavaScript","Computer Science, Web Development, Mobile Development, Swift, JavaScript",0.8888888888888888,need_review,Same URL but different names - possibly different programs
REVIEW_0,Kode With Klossy Miami In-Person Coding Camp,Kode With Klossy Boston In-Person Coding Camp,Kode With Klossy,Kode With Klossy,https://www.kodewithklossy.com/programs,"Computer Science, Web Development, Mobile Development, Swift, JavaScript","Computer Science, Web Development, Mobile Development, Swift, JavaScript",0.8764044943820225,need_review,Same URL but different names - possibly different programs
REVIEW_0,Kode With Klossy Miami In-Person Coding Camp,Kode With Klossy Atlanta In-Person Coding Camp,Kode With Klossy,Kode With Klossy,https://www.kodewithklossy.com/programs,"Computer Science, Web Development, Mobile Development, Swift, JavaScript","Computer Science, Web Development, Mobile Development, Swift, JavaScript",0.8888888888888888,need_review,Same URL but different names - possibly different programs
REVIEW_0,Kode With Klossy Miami In-Person Coding Camp,Kode With Klossy Denver In-Person Coding Camp,Kode With Klossy,Kode With Klossy,https://www.kodewithklossy.com/programs,"Computer Science, Web Development, Mobile Development, Swift, JavaScript","Computer Science, Web Development, Mobile Development, Swift, JavaScript",0.8764044943820225,need_review,Same URL but different names - possibly different programs
REVIEW_0,Kode With Klossy Seattle In-Person Coding Camp,Kode With Klossy Boston In-Person Coding Camp,Kode With Klossy,Kode With Klossy,https://www.kodewithklossy.com/programs,"Computer Science, Web Development, Mobile Development, Swift, JavaScript","Computer Science, Web Development, Mobile Development, Swift, JavaScript",0.9010989010989011,need_review,Same URL but different names - possibly different programs
REVIEW_0,Kode With Klossy Seattle In-Person Coding Camp,Kode With Klossy Atlanta In-Person Coding Camp,Kode With Klossy,Kode With Klossy,https://www.kodewithklossy.com/programs,"Computer Science, Web Development, Mobile Development, Swift, JavaScript","Computer Science, Web Development, Mobile Development, Swift, JavaScript",0.9130434782608695,need_review,Same URL but different names - possibly different programs
REVIEW_0,Kode With Klossy Seattle In-Person Coding Camp,Kode With Klossy Denver In-Person Coding Camp,Kode With Klossy,Kode With Klossy,https://www.kodewithklossy.com/programs,"Computer Science, Web Development, Mobile Development, Swift, JavaScript","Computer Science, Web Development, Mobile Development, Swift, JavaScript",0.9010989010989011,need_review,Same URL but different names - possibly different programs
REVIEW_0,Kode With Klossy Boston In-Person Coding Camp,Kode With Klossy Atlanta In-Person Coding Camp,Kode With Klossy,Kode With Klossy,https://www.kodewithklossy.com/programs,"Computer Science, Web Development, Mobile Development, Swift, JavaScript","Computer Science, Web Development, Mobile Development, Swift, JavaScript",0.9010989010989011,need_review,Same URL but different names - possibly different programs
REVIEW_0,Kode With Klossy Boston In-Person Coding Camp,Kode With Klossy Denver In-Person Coding Camp,Kode With Klossy,Kode With Klossy,https://www.kodewithklossy.com/programs,"Computer Science, Web Development, Mobile Development, Swift, JavaScript","Computer Science, Web Development, Mobile Development, Swift, JavaScript",0.8888888888888888,need_review,Same URL but different names - possibly different programs
REVIEW_0,Kode With Klossy Atlanta In-Person Coding Camp,Kode With Klossy Denver In-Person Coding Camp,Kode With Klossy,Kode With Klossy,https://www.kodewithklossy.com/programs,"Computer Science, Web Development, Mobile Development, Swift, JavaScript","Computer Science, Web Development, Mobile Development, Swift, JavaScript",0.8791208791208791,need_review,Same URL but different names - possibly different programs
REVIEW_0,Code Quest Academy,CyberQuest Academy,Lockheed Martin,Lockheed Martin,https://www.lockheedmartin.com/en-us/who-we-are/communities/stem-education.html,"Computer Science, Programming, Software Engineering","Cybersecurity, Computer Science, Information Technology",0.8333333333333334,need_review,Same URL but different names - possibly different programs
REVIEW_0,Lockheed Martin STEM Scholarship,Lockheed Martin Vocational Scholarship,Lockheed Martin,Lockheed Martin,https://www.lockheedmartin.com/en-us/who-we-are/communities/stem-education.html,"Engineering, Technology, Mathematics, Science","Manufacturing, Engineering Technology, Technical Trades",0.8285714285714286,need_review,Same URL but different names - possibly different programs
REVIEW_0,AMC 10,AMC 12,Mathematical Association of America,Mathematical Association of America,https://www.maa.org/math-competitions,Mathematics,Mathematics,0.8333333333333334,need_review,Same URL but different names - possibly different programs
REVIEW_0,USAMO (United States of America Mathematical Olympiad),USAJMO (United States of America Junior Mathematical Olympiad),Mathematical Association of America,Mathematical Association of America,https://www.maa.org/math-competitions,Mathematics,Mathematics,0.9310344827586207,need_review,Same URL but different names - possibly different programs
REVIEW_0,AMC 10,AMC 12,Mathematical Association of America,Mathematical Association of America,https://www.maa.org/math-competitions/amc-1012,Mathematics,Mathematics,0.8333333333333334,need_review,Same URL but different names - possibly different programs
REVIEW_0,Wonder Workshop - Blockly App,Wonder Workshop - Wonder App,Wonder Workshop,Wonder Workshop,https://www.makewonder.com/apps/,"Computer Science, Programming, Blockly, Visual Coding","Robotics, Computer Science, Play-Based Learning",0.8070175438596491,need_review,Same URL but different names - possibly different programs
REVIEW_0,Wonder Workshop - Blockly App,Wonder Workshop - Go App,Wonder Workshop,Wonder Workshop,https://www.makewonder.com/apps/,"Computer Science, Programming, Blockly, Visual Coding","Robotics, Spatial Reasoning, Motor Skills",0.8679245283018868,need_review,Same URL but different names - possibly different programs
REVIEW_0,Wonder Workshop - Blockly App,Wonder Workshop - Path App,Wonder Workshop,Wonder Workshop,https://www.makewonder.com/apps/,"Computer Science, Programming, Blockly, Visual Coding","Computer Science, Programming, Sequencing, Visual Learning",0.8,need_review,Same URL but different names - possibly different programs
REVIEW_0,Wonder Workshop - Blockly App,Wonder Workshop - Xylo App,Wonder Workshop,Wonder Workshop,https://www.makewonder.com/apps/,"Computer Science, Programming, Blockly, Visual Coding","Music, Robotics, Programming, Patterns",0.8727272727272727,need_review,Same URL but different names - possibly different programs
REVIEW_0,Wonder Workshop - Wonder App,Wonder Workshop - Go App,Wonder Workshop,Wonder Workshop,https://www.makewonder.com/apps/,"Robotics, Computer Science, Play-Based Learning","Robotics, Spatial Reasoning, Motor Skills",0.8846153846153846,need_review,Same URL but different names - possibly different programs
REVIEW_0,Wonder Workshop - Wonder App,Wonder Workshop - Path App,Wonder Workshop,Wonder Workshop,https://www.makewonder.com/apps/,"Robotics, Computer Science, Play-Based Learning","Computer Science, Programming, Sequencing, Visual Learning",0.8148148148148148,need_review,Same URL but different names - possibly different programs
REVIEW_0,Wonder Workshop - Wonder App,Wonder Workshop - Xylo App,Wonder Workshop,Wonder Workshop,https://www.makewonder.com/apps/,"Robotics, Computer Science, Play-Based Learning","Music, Robotics, Programming, Patterns",0.8518518518518519,need_review,Same URL but different names - possibly different programs
REVIEW_0,Wonder Workshop - Go App,Wonder Workshop - Path App,Wonder Workshop,Wonder Workshop,https://www.makewonder.com/apps/,"Robotics, Spatial Reasoning, Motor Skills","Computer Science, Programming, Sequencing, Visual Learning",0.88,need_review,Same URL but different names - possibly different programs
REVIEW_0,Wonder Workshop - Go App,Wonder Workshop - Xylo App,Wonder Workshop,Wonder Workshop,https://www.makewonder.com/apps/,"Robotics, Spatial Reasoning, Motor Skills","Music, Robotics, Programming, Patterns",0.92,need_review,Same URL but different names - possibly different programs
REVIEW_0,Wonder Workshop - Path App,Wonder Workshop - Xylo App,Wonder Workshop,Wonder Workshop,https://www.makewonder.com/apps/,"Computer Science, Programming, Sequencing, Visual Learning","Music, Robotics, Programming, Patterns",0.8461538461538461,need_review,Same URL but different names - possibly different programs
REVIEW_0,Wonder Workshop - Math with Dash (K-5),Wonder Workshop - Science Adventures with Dash (K-5),Wonder Workshop,Wonder Workshop,https://www.makewonder.com/curriculum/,"Mathematics, Robotics, Geometry, Problem Solving","Science, Robotics, Engineering, Scientific Inquiry",0.8,need_review,Same URL but different names - possibly different programs
REVIEW_0,Wonder Workshop - Math with Dash (K-5),Wonder Workshop - Storytelling with Dash (K-5),Wonder Workshop,Wonder Workshop,https://www.makewonder.com/curriculum/,"Mathematics, Robotics, Geometry, Problem Solving","Robotics, Literacy, Storytelling, Arts",0.8333333333333334,need_review,Same URL but different names - possibly different programs
REVIEW_0,Math League High School Contest,Math League Middle School Contest,Math League,Math League,https://www.mathleague.com/,Mathematics,Mathematics,0.875,need_review,Same URL but different names - possibly different programs
REVIEW_2,Results for HS Contest #6 April 2025 Posted!,Results for HS Contest #5 March 2025 Posted!,Math League,Math League,https://www.mathleague.com/,Mathematics,Mathematics,0.9090909090909091,need_review,Same URL but different names - possibly different programs
REVIEW_2,Results for HS Contest #6 April 2025 Posted!,Results for HS Contest #3 December 2024 Posted!,Math League,Math League,https://www.mathleague.com/,Mathematics,Mathematics,0.8351648351648352,need_review,Same URL but different names - possibly different programs
REVIEW_2,Results for HS Contest #6 April 2025 Posted!,Results for HS Contest #2 December 2024 Posted!,Math League,Math League,https://www.mathleague.com/,Mathematics,Mathematics,0.8351648351648352,need_review,Same URL but different names - possibly different programs
REVIEW_2,Results for HS Contest #6 April 2025 Posted!,Results for HS Contest #1 November 2024 Posted!,Math League,Math League,https://www.mathleague.com/,Mathematics,Mathematics,0.8351648351648352,need_review,Same URL but different names - possibly different programs
REVIEW_2,Results for HS Contest #5 March 2025 Posted!,Results for HS Contest #3 December 2024 Posted!,Math League,Math League,https://www.mathleague.com/,Mathematics,Mathematics,0.8571428571428571,need_review,Same URL but different names - possibly different programs
REVIEW_2,Results for HS Contest #5 March 2025 Posted!,Results for HS Contest #2 December 2024 Posted!,Math League,Math League,https://www.mathleague.com/,Mathematics,Mathematics,0.8571428571428571,need_review,Same URL but different names - possibly different programs
REVIEW_2,Results for HS Contest #5 March 2025 Posted!,Results for HS Contest #1 November 2024 Posted!,Math League,Math League,https://www.mathleague.com/,Mathematics,Mathematics,0.8571428571428571,need_review,Same URL but different names - possibly different programs
REVIEW_2,Results for HS Contest #3 December 2024 Posted!,Results for HS Contest #1 November 2024 Posted!,Math League,Math League,https://www.mathleague.com/,Mathematics,Mathematics,0.9148936170212766,need_review,Same URL but different names - possibly different programs
REVIEW_2,Results for HS Contest #2 December 2024 Posted!,Results for HS Contest #1 November 2024 Posted!,Math League,Math League,https://www.mathleague.com/,Mathematics,Mathematics,0.9148936170212766,need_review,Same URL but different names - possibly different programs
REVIEW_2,Mathnasium Middle School Math Program (6-8),Mathnasium High School Math Program (9-12),Mathnasium,Mathnasium,https://www.mathnasium.com/programs,"Mathematics, Algebra","Mathematics, Algebra, Calculus, Statistics",0.8470588235294118,need_review,Same URL but different names - possibly different programs
REVIEW_2,TEALS AP Computer Science A,TEALS AP Computer Science Principles,Microsoft TEALS,Microsoft TEALS,https://www.microsoft.com/en-us/teals,Computer Science,Computer Science,0.8253968253968254,need_review,Same URL but different names - possibly different programs
REVIEW_2,National Merit Scholarship Program,National Achievement Scholarship Program,National Merit Scholarship Corporation,National Merit Scholarship Corporation,https://www.nationalmerit.org/,All STEM,All STEM,0.8648648648648649,need_review,Same URL but different names - possibly different programs
REVIEW_2,"Women in STEM Scholarship - $5,000","Minority STEM Scholarship - $10,000",Niche,Niche,https://www.niche.com/colleges/scholarships/stem/,All STEM,All STEM,0.8115942028985508,need_review,Same URL but different names - possibly different programs
REVIEW_2,"Environmental Science Scholarship - $5,000","Biomedical Sciences Scholarship - $7,000",Niche,Niche,https://www.niche.com/colleges/scholarships/stem/,"Environmental Science, Biology, Ecology","Biomedical Science, Biology, Medicine",0.8292682926829268,need_review,Same URL but different names - possibly different programs
REVIEW_2,"Environmental Science Scholarship - $5,000","Materials Science Scholarship - $7,000",Niche,Niche,https://www.niche.com/colleges/scholarships/stem/,"Environmental Science, Biology, Ecology","Materials Science, Chemistry, Engineering",0.8,need_review,Same URL but different names - possibly different programs
REVIEW_2,"Biomedical Sciences Scholarship - $7,000","Materials Science Scholarship - $7,000",Niche,Niche,https://www.niche.com/colleges/scholarships/stem/,"Biomedical Science, Biology, Medicine","Materials Science, Chemistry, Engineering",0.8205128205128205,need_review,Same URL but different names - possibly different programs
REVIEW_2,"Aerospace Engineering Scholarship - $8,500","Mechanical Engineering Scholarship - $8,000",Niche,Niche,https://www.niche.com/colleges/scholarships/stem/,"Aerospace Engineering, Engineering, Physics","Mechanical Engineering, Engineering, Design",0.8,need_review,Same URL but different names - possibly different programs
REVIEW_2,"Aerospace Engineering Scholarship - $8,500","Civil Engineering Scholarship - $7,500",Niche,Niche,https://www.niche.com/colleges/scholarships/stem/,"Aerospace Engineering, Engineering, Physics","Civil Engineering, Engineering, Design",0.825,need_review,Same URL but different names - possibly different programs
REVIEW_2,"Mechanical Engineering Scholarship - $8,000","Civil Engineering Scholarship - $7,500",Niche,Niche,https://www.niche.com/colleges/scholarships/stem/,"Mechanical Engineering, Engineering, Design","Civil Engineering, Engineering, Design",0.8395061728395061,need_review,Same URL but different names - possibly different programs
REVIEW_2,"Climate Science Scholarship - $6,500","Materials Science Scholarship - $7,000",Niche,Niche,https://www.niche.com/colleges/scholarships/stem/,"Climate Science, Environmental Science, Meteorology","Materials Science, Chemistry, Engineering",0.8378378378378378,need_review,Same URL but different names - possibly different programs
REVIEW_2,"Software Development Scholarship - $7,500","Web Development Scholarship - $6,000",Niche,Niche,https://www.niche.com/colleges/scholarships/stem/,"Software Development, Computer Science, Programming","Web Development, Computer Science, Programming",0.8571428571428571,need_review,Same URL but different names - possibly different programs
REVIEW_2,"Mobile App Development Scholarship - $6,000","Web Development Scholarship - $6,000",Niche,Niche,https://www.niche.com/colleges/scholarships/stem/,"Mobile Development, Computer Science, Software Development","Web Development, Computer Science, Programming",0.8607594936708861,need_review,Same URL but different names - possibly different programs
REVIEW_2,"Agricultural Science Scholarship - $5,000","Materials Science Scholarship - $7,000",Niche,Niche,https://www.niche.com/colleges/scholarships/stem/,"Agricultural Science, Biology, Environmental Science","Materials Science, Chemistry, Engineering",0.8354430379746836,need_review,Same URL but different names - possibly different programs
REVIEW_2,Osmo - Coding Awbie,Osmo - Coding Jam,Osmo,Osmo,https://www.playosmo.com/en/coding/,"Computer Science, Programming, Computational Thinking, Logic","Computer Science, Programming, Music, Audio Engineering",0.8333333333333334,need_review,Same URL but different names - possibly different programs
REVIEW_2,Osmo - Coding Jam,Osmo - Coding Duo,Osmo,Osmo,https://www.playosmo.com/en/coding/,"Computer Science, Programming, Music, Audio Engineering","Computer Science, Programming, Teamwork, Communication",0.8235294117647058,need_review,Same URL but different names - possibly different programs
REVIEW_2,Osmo - Creative Starter Kit,Osmo - Genius Starter Kit,Osmo,Osmo,https://www.playosmo.com/en/shopping/games/,"Mathematics, Geometry, Literacy, Multi-Subject","Mathematics, Literacy, Physics, Art, Multi-Subject",0.8076923076923077,need_review,Same URL but different names - possibly different programs
REVIEW_2,Osmo - Little Genius Starter Kit,Osmo - Genius Starter Kit,Osmo,Osmo,https://www.playosmo.com/en/shopping/games/,"Pre-Literacy, Letters, Shapes, Creativity, Social-Emotional","Mathematics, Literacy, Physics, Art, Multi-Subject",0.8771929824561403,need_review,Same URL but different names - possibly different programs
REVIEW_2,Prodigy Math - Multiplayer Battles,Prodigy Math - Multi-Platform Access,Prodigy Math,Prodigy Math,https://www.prodigygame.com/,Mathematics,Mathematics,0.8,need_review,Same URL but different names - possibly different programs
REVIEW_2,Stanford RISE Summer Research Program,NIH RISE Summer Research Program,RISE Programs,RISE Programs,https://www.riseprograms.org/programs,"Biomedical Research, Engineering, Computational Science, Laboratory Science","Biomedical Research, Cancer Biology, Neuroscience, Genetics, Immunology, Public Health",0.8695652173913043,need_review,Same URL but different names - possibly different programs
REVIEW_2,Stanford RISE Summer Research Program,Yale RISE Summer Research Program,RISE Programs,RISE Programs,https://www.riseprograms.org/programs,"Biomedical Research, Engineering, Computational Science, Laboratory Science","Biological Sciences, Chemistry, Physics, Environmental Science",0.8571428571428571,need_review,Same URL but different names - possibly different programs
REVIEW_2,Caltech RISE Research Program,Yale RISE Summer Research Program,RISE Programs,RISE Programs,https://www.riseprograms.org/programs,"Physics, Chemistry, Biology, Engineering, Astronomy","Biological Sciences, Chemistry, Physics, Environmental Science",0.8064516129032258,need_review,Same URL but different names - possibly different programs
REVIEW_2,NIH RISE Summer Research Program,Yale RISE Summer Research Program,RISE Programs,RISE Programs,https://www.riseprograms.org/programs,"Biomedical Research, Cancer Biology, Neuroscience, Genetics, Immunology, Public Health","Biological Sciences, Chemistry, Physics, Environmental Science",0.8923076923076924,need_review,Same URL but different names - possibly different programs
REVIEW_2,Samsung Solve for Tomorrow - National STEM Competition,Samsung Solve for Tomorrow - National Winner Pitch Competition,Samsung Solve for Tomorrow,Samsung Solve for Tomorrow,https://www.samsung.com/us/solvefortomorrow/,"Science, Technology, Engineering, Mathematics, Problem Solving","Presentation Skills, Communication, STEM Demonstration, Public Speaking",0.8793103448275862,need_review,Same URL but different names - possibly different programs
REVIEW_2,Samsung Solve for Tomorrow - Phase 2: State Finalists,Samsung Solve for Tomorrow - Phase 3: National Finalists,Samsung Solve for Tomorrow,Samsung Solve for Tomorrow,https://www.samsung.com/us/solvefortomorrow/,"Project Design, Research, Video Production, STEM Application","Prototyping, Testing, Data Analysis, Engineering Design",0.8990825688073395,need_review,Same URL but different names - possibly different programs
REVIEW_2,SkillsUSA Electronics Technology,SkillsUSA Mobile Robotics Technology,SkillsUSA,SkillsUSA,https://www.skillsusa.org/competitions/skillsusa-championships/,"Electronics, Electrical Engineering, Circuit Design","Robotics, Engineering, Programming, Mechatronics",0.8235294117647058,need_review,Same URL but different names - possibly different programs
REVIEW_2,SkillsUSA Electronics Technology,SkillsUSA Welding Technology,SkillsUSA,SkillsUSA,https://www.skillsusa.org/competitions/skillsusa-championships/,"Electronics, Electrical Engineering, Circuit Design","Welding, Manufacturing, Materials Science, Engineering Technology",0.8,need_review,Same URL but different names - possibly different programs
REVIEW_2,Broadcom MASTERS Competition,Broadcom MASTERS - Finals Competition,Broadcom MASTERS,Broadcom MASTERS,https://www.societyforscience.org/broadcom-masters/,"Science, Technology, Engineering, Mathematics, All STEM","STEM, Problem Solving, Critical Thinking",0.8615384615384616,need_review,Same URL but different names - possibly different programs
REVIEW_2,STEM Video Game Challenge - Elementary Division,STEM Video Game Challenge - Middle School Division,National STEM Video Game Challenge,National STEM Video Game Challenge,https://www.stemchallenge.org/enter/,"Computer Science, Game Design, Programming","Computer Science, Game Design, STEM",0.8041237113402062,need_review,Same URL but different names - possibly different programs
REVIEW_2,STEM Video Game Challenge - Elementary Division,STEM Video Game Challenge - High School Division,National STEM Video Game Challenge,National STEM Video Game Challenge,https://www.stemchallenge.org/enter/,"Computer Science, Game Design, Programming","Computer Science, Game Design, Programming, STEM",0.8,need_review,Same URL but different names - possibly different programs
REVIEW_2,STEM Video Game Challenge - Middle School Division,STEM Video Game Challenge - High School Division,National STEM Video Game Challenge,National STEM Video Game Challenge,https://www.stemchallenge.org/enter/,"Computer Science, Game Design, STEM","Computer Science, Game Design, Programming, STEM",0.9183673469387755,need_review,Same URL but different names - possibly different programs
REVIEW_2,STEMfinity Rocketry Projects,STEMfinity Geometry Projects,STEMfinity,STEMfinity,https://www.stemfinity.com/Free-STEM-Activities,"Aerospace, Engineering, Physics","Mathematics, Geometry",0.8928571428571429,need_review,Same URL but different names - possibly different programs
REVIEW_2,Garcia Research Scholars - Biology and Life Sciences Track,Garcia Research Scholars - Chemistry and Materials Science Track,Garcia Research Scholars,Garcia Research Scholars,https://www.stonybrook.edu/commcms/garcia/,"Biology, Molecular Biology, Genetics, Neuroscience, Ecology","Chemistry, Materials Science, Chemical Engineering, Nanotechnology",0.8032786885245902,need_review,Same URL but different names - possibly different programs
REVIEW_2,Tinkercad - Name Tag Design,Tinkercad - Castle Design,Tinkercad,Tinkercad,https://www.tinkercad.com/learn,"3D Design, CAD, Personalization","3D Design, Architecture, History, Engineering",0.8076923076923077,need_review,Same URL but different names - possibly different programs
REVIEW_2,Tinkercad - Robot Character Design,Tinkercad - Minecraft Character Design,Tinkercad,Tinkercad,https://www.tinkercad.com/learn,"3D Design, Art, Robotics, Character Design","3D Design, Game Design, Art",0.8611111111111112,need_review,Same URL but different names - possibly different programs
REVIEW_2,Tynker Summer Coding Camp - Game Dev,Tynker Summer Coding Camp - Python,Tynker,Tynker,https://www.tynker.com/summer-camps/,"Game Design, Computer Science, Programming","Computer Science, Python, Programming",0.8,need_review,Same URL but different names - possibly different programs
REVIEW_2,Tynker Summer Coding Camp - Game Dev,Tynker Summer Coding Camp - Mobile Apps,Tynker,Tynker,https://www.tynker.com/summer-camps/,"Game Design, Computer Science, Programming","Mobile Development, Computer Science, App Design",0.8266666666666667,need_review,Same URL but different names - possibly different programs
REVIEW_2,Tynker Summer Coding Camp - Python,Tynker Summer Coding Camp - Minecraft,Tynker,Tynker,https://www.tynker.com/summer-camps/,"Computer Science, Python, Programming","Computer Science, Game Design, Programming",0.8169014084507042,need_review,Same URL but different names - possibly different programs
REVIEW_2,Tynker Summer Coding Camp - Minecraft,Tynker Summer Coding Camp - Mobile Apps,Tynker,Tynker,https://www.tynker.com/summer-camps/,"Computer Science, Game Design, Programming","Mobile Development, Computer Science, App Design",0.8421052631578947,need_review,Same URL but different names - possibly different programs
REVIEW_2,TypingClub - Beginner Typing Course,TypingClub - Advanced Typing Course,TypingClub,TypingClub,https://www.typingclub.com/,"Computer Skills, Technology, Digital Literacy, Keyboarding","Computer Skills, Technology, Keyboarding, Professional Skills",0.8,need_review,Same URL but different names - possibly different programs
REVIEW_2,VEX IQ Competition,VEX Robotics Competition,VEX Robotics,VEX Robotics,https://www.vexrobotics.com/,"Robotics, Engineering, Programming","Robotics, Engineering, Programming",0.8095238095238095,need_review,Same URL but different names - possibly different programs
